Log start on,2021-07-13 18:19:39
Feature,Pressure
Nodes,AM1V310 @334858, 
Date,HostTimestamp (ms),NodeName,NodeTimestamp,RawData,Pressure (mBar),
13/07/2021 18:19:40.233,485,AM1V310 @334858,211179,09900100,1024.09,
13/07/2021 18:19:40.758,1010,AM1V310 @334858,211242,11900100,1024.17,
13/07/2021 18:19:41.238,1490,AM1V310 @334858,211304,1F900100,1024.31,
13/07/2021 18:19:41.750,2002,AM1V310 @334858,211367,EF920100,1031.51,
13/07/2021 18:19:42.230,2482,AM1V310 @334858,211429,79940100,1035.45,
13/07/2021 18:19:42.741,2993,AM1V310 @334858,211492,AB920100,1030.83,
13/07/2021 18:19:43.235,3487,AM1V310 @334858,211554,A5930100,1033.33,
13/07/2021 18:19:43.730,3982,AM1V310 @334858,211617,A0930100,1033.28,
13/07/2021 18:19:44.241,4493,AM1V310 @334858,211679,9B930100,1033.23,
13/07/2021 18:19:44.766,5018,AM1V310 @334858,211742,22930100,1032.02,
13/07/2021 18:19:45.231,5482,AM1V310 @334858,211804,BC920100,1031.0,
13/07/2021 18:19:45.740,5992,AM1V310 @334858,211867,C3920100,1031.07,
13/07/2021 18:19:46.236,6488,AM1V310 @334858,211929,B7920100,1030.95,
13/07/2021 18:19:46.730,6982,AM1V310 @334858,211992,07920100,1029.19,
13/07/2021 18:19:47.240,7492,AM1V310 @334858,212054,938E0100,1020.35,
13/07/2021 18:19:47.736,7987,AM1V310 @334858,212117,A5900100,1025.65,
13/07/2021 18:19:48.246,8498,AM1V310 @334858,212179,25930100,1032.05,
13/07/2021 18:19:48.771,9023,AM1V310 @334858,212242,9C920100,1030.68,
13/07/2021 18:19:49.236,9487,AM1V310 @334858,212304,61920100,1030.09,
13/07/2021 18:19:49.728,9980,AM1V310 @334858,212367,36920100,1029.66,
13/07/2021 18:19:50.240,10492,AM1V310 @334858,212429,36920100,1029.66,
13/07/2021 18:19:50.747,10999,AM1V310 @334858,212492,1B920100,1029.39,
13/07/2021 18:19:51.228,11480,AM1V310 @334858,212554,F5910100,1029.01,
13/07/2021 18:19:51.740,11992,AM1V310 @334858,212617,03920100,1029.15,
13/07/2021 18:19:52.266,12518,AM1V310 @334858,212679,C5910100,1028.53,
13/07/2021 18:19:52.746,12998,AM1V310 @334858,212742,47910100,1027.27,
13/07/2021 18:19:53.258,13510,AM1V310 @334858,212804,DD8D0100,1018.53,
13/07/2021 18:19:53.738,13990,AM1V310 @334858,212867,5C8E0100,1019.8,
13/07/2021 18:19:54.231,14482,AM1V310 @334858,212929,3D920100,1029.73,
13/07/2021 18:19:54.740,14992,AM1V310 @334858,212992,E9910100,1028.89,
13/07/2021 18:19:55.236,15488,AM1V310 @334858,213054,94910100,1028.04,
13/07/2021 18:19:55.731,15983,AM1V310 @334858,213117,89910100,1027.93,
13/07/2021 18:19:56.241,16492,AM1V310 @334858,213179,5F910100,1027.51,
13/07/2021 18:19:56.735,16987,AM1V310 @334858,213242,05910100,1026.61,
13/07/2021 18:19:57.230,17481,AM1V310 @334858,213304,15910100,1026.77,
13/07/2021 18:19:57.752,18004,AM1V310 @334858,213367,DA900100,1026.18,
13/07/2021 18:19:58.236,18488,AM1V310 @334858,213429,C9900100,1026.01,
13/07/2021 18:19:58.729,18981,AM1V310 @334858,213492,A9900100,1025.69,
13/07/2021 18:19:59.238,19490,AM1V310 @334858,213554,9E8D0100,1017.9,
13/07/2021 18:19:59.735,19987,AM1V310 @334858,213617,EB8E0100,1021.23,
13/07/2021 18:20:00.230,20482,AM1V310 @334858,213679,FA910100,1029.06,
13/07/2021 18:20:00.741,20993,AM1V310 @334858,213742,C5910100,1028.53,
13/07/2021 18:20:01.236,21488,AM1V310 @334858,213804,91910100,1028.01,
13/07/2021 18:20:01.746,21998,AM1V310 @334858,213867,34910100,1027.08,
13/07/2021 18:20:02.241,22493,AM1V310 @334858,213929,07910100,1026.63,
13/07/2021 18:20:02.735,22987,AM1V310 @334858,213992,DF900100,1026.23,
13/07/2021 18:20:03.230,23482,AM1V310 @334858,214054,AB900100,1025.71,
13/07/2021 18:20:03.740,23992,AM1V310 @334858,214117,97900100,1025.51,
13/07/2021 18:20:04.236,24488,AM1V310 @334858,214179,82900100,1025.3,
13/07/2021 18:20:04.731,24983,AM1V310 @334858,214242,5F900100,1024.95,
13/07/2021 18:20:05.256,25507,AM1V310 @334858,214304,6C8D0100,1017.4,
13/07/2021 18:20:05.735,25987,AM1V310 @334858,214367,CA8D0100,1018.34,
13/07/2021 18:20:06.246,26498,AM1V310 @334858,214429,8B910100,1027.95,
13/07/2021 18:20:06.738,26990,AM1V310 @334858,214492,39910100,1027.13,
13/07/2021 18:20:07.236,27487,AM1V310 @334858,214554,CD900100,1026.05,
13/07/2021 18:20:07.730,27982,AM1V310 @334858,214617,82900100,1025.3,
13/07/2021 18:20:08.241,28492,AM1V310 @334858,214679,4D900100,1024.77,
13/07/2021 18:20:08.736,28987,AM1V310 @334858,214742,1C900100,1024.28,
13/07/2021 18:20:09.230,29482,AM1V310 @334858,214804,20900100,1024.32,
13/07/2021 18:20:09.783,30035,AM1V310 @334858,214867,40900100,1024.64,
13/07/2021 18:20:10.266,30517,AM1V310 @334858,214929,40900100,1024.64,
13/07/2021 18:20:10.730,30982,AM1V310 @334858,214992,2E900100,1024.46,
13/07/2021 18:20:11.240,31492,AM1V310 @334858,215054,878D0100,1017.67,
13/07/2021 18:20:11.735,31987,AM1V310 @334858,215117,178E0100,1019.11,
13/07/2021 18:20:12.243,32495,AM1V310 @334858,215179,C6910100,1028.54,
13/07/2021 18:20:12.740,32992,AM1V310 @334858,215242,6F910100,1027.67,
13/07/2021 18:20:13.235,33487,AM1V310 @334858,215304,0A910100,1026.66,
13/07/2021 18:20:13.746,33998,AM1V310 @334858,215367,E6900100,1026.3,
13/07/2021 18:20:14.271,34523,AM1V310 @334858,215429,04910100,1026.6,
13/07/2021 18:20:14.733,34985,AM1V310 @334858,215492,05910100,1026.61,
13/07/2021 18:20:15.231,35483,AM1V310 @334858,215554,F1900100,1026.41,
13/07/2021 18:20:15.740,35992,AM1V310 @334858,215617,D8900100,1026.16,
13/07/2021 18:20:16.236,36487,AM1V310 @334858,215679,A8900100,1025.68,
13/07/2021 18:20:16.728,36980,AM1V310 @334858,215742,8F900100,1025.43,
13/07/2021 18:20:17.240,37492,AM1V310 @334858,215804,2E8D0100,1016.78,
13/07/2021 18:20:17.748,38000,AM1V310 @334858,215867,398D0100,1016.89,
13/07/2021 18:20:18.228,38480,AM1V310 @334858,215929,03910100,1026.59,
13/07/2021 18:20:18.739,38991,AM1V310 @334858,215992,63910100,1027.55,
13/07/2021 18:20:19.236,39488,AM1V310 @334858,216054,14910100,1026.76,
13/07/2021 18:20:19.731,39983,AM1V310 @334858,216117,C0900100,1025.92,
13/07/2021 18:20:20.241,40492,AM1V310 @334858,216179,A7900100,1025.67,
13/07/2021 18:20:20.735,40987,AM1V310 @334858,216242,D7900100,1026.15,
13/07/2021 18:20:21.231,41482,AM1V310 @334858,216304,C2900100,1025.94,
13/07/2021 18:20:21.723,41975,AM1V310 @334858,216367,92900100,1025.46,
13/07/2021 18:20:22.281,42533,AM1V310 @334858,216429,6F900100,1025.11,
13/07/2021 18:20:22.760,43012,AM1V310 @334858,216492,62900100,1024.98,
13/07/2021 18:20:23.239,43491,AM1V310 @334858,216554,278D0100,1016.71,
13/07/2021 18:20:23.735,43987,AM1V310 @334858,216617,2C8D0100,1016.76,
13/07/2021 18:20:24.230,44482,AM1V310 @334858,216679,A4900100,1025.64,
13/07/2021 18:20:24.725,44977,AM1V310 @334858,216742,07910100,1026.63,
13/07/2021 18:20:25.236,45487,AM1V310 @334858,216804,DB900100,1026.19,
13/07/2021 18:20:25.761,46012,AM1V310 @334858,216867,93900100,1025.47,
13/07/2021 18:20:26.241,46493,AM1V310 @334858,216929,6F900100,1025.11,
13/07/2021 18:20:26.735,46987,AM1V310 @334858,216992,5D900100,1024.93,
13/07/2021 18:20:27.231,47483,AM1V310 @334858,217054,7D900100,1025.25,
13/07/2021 18:20:27.741,47993,AM1V310 @334858,217117,34900100,1024.52,
13/07/2021 18:20:28.234,48486,AM1V310 @334858,217179,50900100,1024.8,
13/07/2021 18:20:28.731,48983,AM1V310 @334858,217242,5A900100,1024.9,
13/07/2021 18:20:29.226,49478,AM1V310 @334858,217304,AF8D0100,1018.07,
13/07/2021 18:20:29.751,50003,AM1V310 @334858,217367,388D0100,1016.88,
13/07/2021 18:20:30.262,50514,AM1V310 @334858,217429,D7900100,1026.15,
13/07/2021 18:20:30.740,50992,AM1V310 @334858,217492,27910100,1026.95,
13/07/2021 18:20:31.250,51502,AM1V310 @334858,217554,0F910100,1026.71,
13/07/2021 18:20:31.731,51982,AM1V310 @334858,217617,DE900100,1026.22,
13/07/2021 18:20:32.226,52477,AM1V310 @334858,217679,B1900100,1025.77,
13/07/2021 18:20:32.733,52985,AM1V310 @334858,217742,62900100,1024.98,
13/07/2021 18:20:33.230,53482,AM1V310 @334858,217804,41900100,1024.65,
13/07/2021 18:20:33.725,53977,AM1V310 @334858,217867,37900100,1024.55,
13/07/2021 18:20:34.250,54502,AM1V310 @334858,217929,44900100,1024.68,
13/07/2021 18:20:34.730,54982,AM1V310 @334858,217992,30900100,1024.48,
13/07/2021 18:20:35.243,55495,AM1V310 @334858,218054,AA8D0100,1018.02,
13/07/2021 18:20:35.738,55990,AM1V310 @334858,218117,228D0100,1016.66,
13/07/2021 18:20:36.244,56495,AM1V310 @334858,218179,62900100,1024.98,
13/07/2021 18:20:36.726,56977,AM1V310 @334858,218242,F4900100,1026.44,
13/07/2021 18:20:37.250,57502,AM1V310 @334858,218304,9A900100,1025.54,
13/07/2021 18:20:37.730,57982,AM1V310 @334858,218367,74900100,1025.16,
13/07/2021 18:20:38.256,58507,AM1V310 @334858,218429,9A900100,1025.54,
13/07/2021 18:20:38.736,58987,AM1V310 @334858,218492,96900100,1025.5,
13/07/2021 18:20:39.217,59469,AM1V310 @334858,218554,53900100,1024.83,
13/07/2021 18:20:39.742,59994,AM1V310 @334858,218617,35900100,1024.53,
13/07/2021 18:20:40.223,60475,AM1V310 @334858,218679,2B900100,1024.43,
13/07/2021 18:20:40.730,60982,AM1V310 @334858,218742,2B900100,1024.43,
13/07/2021 18:20:41.225,61477,AM1V310 @334858,218804,398F0100,1022.01,
13/07/2021 18:20:41.735,61987,AM1V310 @334858,218867,0E8D0100,1016.46,
13/07/2021 18:20:42.230,62482,AM1V310 @334858,218929,82900100,1025.3,
13/07/2021 18:20:42.724,62976,AM1V310 @334858,218992,33910100,1027.07,
13/07/2021 18:20:43.236,63488,AM1V310 @334858,219054,C4900100,1025.96,
13/07/2021 18:20:43.746,63998,AM1V310 @334858,219117,8B900100,1025.39,
13/07/2021 18:20:44.226,64478,AM1V310 @334858,219179,84900100,1025.32,
13/07/2021 18:20:44.736,64988,AM1V310 @334858,219242,55900100,1024.85,
13/07/2021 18:20:45.246,65498,AM1V310 @334858,219304,46900100,1024.7,
13/07/2021 18:20:45.723,65975,AM1V310 @334858,219367,26900100,1024.38,
13/07/2021 18:20:46.236,66488,AM1V310 @334858,219429,1F900100,1024.31,
13/07/2021 18:20:46.730,66982,AM1V310 @334858,219492,28900100,1024.4,
13/07/2021 18:20:47.226,67477,AM1V310 @334858,219554,468E0100,1019.58,
13/07/2021 18:20:47.736,67987,AM1V310 @334858,219617,0D8D0100,1016.45,
13/07/2021 18:20:48.246,68497,AM1V310 @334858,219679,3D900100,1024.61,
13/07/2021 18:20:48.725,68977,AM1V310 @334858,219742,2A910100,1026.98,
13/07/2021 18:20:49.236,69488,AM1V310 @334858,219804,0C910100,1026.68,
13/07/2021 18:20:49.731,69983,AM1V310 @334858,219867,10910100,1026.72,
13/07/2021 18:20:50.225,70477,AM1V310 @334858,219929,E2900100,1026.26,
13/07/2021 18:20:50.735,70987,AM1V310 @334858,219992,91900100,1025.45,
13/07/2021 18:20:51.230,71482,AM1V310 @334858,220054,6C900100,1025.08,
13/07/2021 18:20:51.741,71993,AM1V310 @334858,220117,51900100,1024.81,
13/07/2021 18:20:52.237,72489,AM1V310 @334858,220179,6B900100,1025.07,
13/07/2021 18:20:52.761,73013,AM1V310 @334858,220242,6B900100,1025.07,
13/07/2021 18:20:53.223,73475,AM1V310 @334858,220304,A08F0100,1023.04,
13/07/2021 18:20:53.750,74002,AM1V310 @334858,220367,DE8C0100,1015.98,
13/07/2021 18:20:54.230,74482,AM1V310 @334858,220429,09900100,1024.09,
13/07/2021 18:20:54.725,74977,AM1V310 @334858,220492,6D910100,1027.65,
13/07/2021 18:20:55.235,75487,AM1V310 @334858,220554,43910100,1027.23,
13/07/2021 18:20:55.760,76012,AM1V310 @334858,220617,37910100,1027.11,
13/07/2021 18:20:56.255,76507,AM1V310 @334858,220679,F5900100,1026.45,
13/07/2021 18:20:56.736,76988,AM1V310 @334858,220742,FA900100,1026.5,
13/07/2021 18:20:57.231,77482,AM1V310 @334858,220804,EC900100,1026.36,
13/07/2021 18:20:57.725,77977,AM1V310 @334858,220867,D2900100,1026.1,
13/07/2021 18:20:58.248,78500,AM1V310 @334858,220929,BC900100,1025.88,
13/07/2021 18:20:58.744,78995,AM1V310 @334858,220992,B7900100,1025.83,
13/07/2021 18:20:59.241,79493,AM1V310 @334858,221054,A98F0100,1023.13,
13/07/2021 18:20:59.735,79987,AM1V310 @334858,221117,BD8C0100,1015.65,
13/07/2021 18:21:00.245,80497,AM1V310 @334858,221179,368F0100,1021.98,
13/07/2021 18:21:00.756,81008,AM1V310 @334858,221242,D8900100,1026.16,
13/07/2021 18:21:01.235,81487,AM1V310 @334858,221304,A8900100,1025.68,
13/07/2021 18:21:01.745,81997,AM1V310 @334858,221367,7F900100,1025.27,
13/07/2021 18:21:02.224,82476,AM1V310 @334858,221429,47900100,1024.71,
13/07/2021 18:21:02.736,82987,AM1V310 @334858,221492,26900100,1024.38,
13/07/2021 18:21:03.245,83497,AM1V310 @334858,221554,03900100,1024.03,
13/07/2021 18:21:03.725,83977,AM1V310 @334858,221617,F28F0100,1023.86,
13/07/2021 18:21:04.235,84487,AM1V310 @334858,221679,38900100,1024.56,
13/07/2021 18:21:04.761,85013,AM1V310 @334858,221742,38900100,1024.56,
13/07/2021 18:21:05.240,85492,AM1V310 @334858,221804,608F0100,1022.4,
13/07/2021 18:21:05.736,85988,AM1V310 @334858,221867,DD8C0100,1015.97,
13/07/2021 18:21:06.230,86482,AM1V310 @334858,221929,F58F0100,1023.89,
13/07/2021 18:21:06.725,86977,AM1V310 @334858,221992,C3900100,1025.95,
13/07/2021 18:21:07.221,87473,AM1V310 @334858,222054,66900100,1025.02,
13/07/2021 18:21:07.730,87982,AM1V310 @334858,222117,4B900100,1024.75,
13/07/2021 18:21:08.270,88522,AM1V310 @334858,222179,34900100,1024.52,
13/07/2021 18:21:08.751,89003,AM1V310 @334858,222242,37900100,1024.55,
13/07/2021 18:21:09.230,89482,AM1V310 @334858,222304,5A900100,1024.9,
13/07/2021 18:21:09.725,89977,AM1V310 @334858,222367,33900100,1024.51,
13/07/2021 18:21:10.220,90472,AM1V310 @334858,222429,3D900100,1024.61,
13/07/2021 18:21:10.730,90982,AM1V310 @334858,222492,36900100,1024.54,
13/07/2021 18:21:11.224,91476,AM1V310 @334858,222554,C48F0100,1023.4,
13/07/2021 18:21:11.720,91972,AM1V310 @334858,222617,EB8C0100,1016.11,
13/07/2021 18:21:12.274,92526,AM1V310 @334858,222679,4B8F0100,1022.19,
13/07/2021 18:21:12.726,92978,AM1V310 @334858,222742,1C910100,1026.84,
13/07/2021 18:21:13.218,93470,AM1V310 @334858,222804,D0900100,1026.08,
13/07/2021 18:21:13.730,93982,AM1V310 @334858,222867,46900100,1024.7,
13/07/2021 18:21:14.225,94477,AM1V310 @334858,222929,06900100,1024.06,
13/07/2021 18:21:14.720,94972,AM1V310 @334858,222992,40900100,1024.64,
13/07/2021 18:21:15.229,95480,AM1V310 @334858,223054,46900100,1024.7,
13/07/2021 18:21:15.726,95978,AM1V310 @334858,223117,06900100,1024.06,
13/07/2021 18:21:16.221,96473,AM1V310 @334858,223179,09900100,1024.09,
13/07/2021 18:21:16.746,96997,AM1V310 @334858,223242,FC8F0100,1023.96,
13/07/2021 18:21:17.226,97478,AM1V310 @334858,223304,9E8F0100,1023.02,
13/07/2021 18:21:17.720,97972,AM1V310 @334858,223367,E48C0100,1016.04,
13/07/2021 18:21:18.245,98497,AM1V310 @334858,223429,3E8E0100,1019.5,
13/07/2021 18:21:18.723,98975,AM1V310 @334858,223492,EE900100,1026.38,
13/07/2021 18:21:19.220,99472,AM1V310 @334858,223554,A9900100,1025.69,
13/07/2021 18:21:19.730,99982,AM1V310 @334858,223617,71900100,1025.13,
13/07/2021 18:21:20.226,100478,AM1V310 @334858,223679,45900100,1024.69,
13/07/2021 18:21:20.720,100972,AM1V310 @334858,223742,20900100,1024.32,
13/07/2021 18:21:21.245,101497,AM1V310 @334858,223804,36900100,1024.54,
13/07/2021 18:21:21.725,101977,AM1V310 @334858,223867,71900100,1025.13,
13/07/2021 18:21:22.220,102472,AM1V310 @334858,223929,56900100,1024.86,
13/07/2021 18:21:22.730,102982,AM1V310 @334858,223992,4F900100,1024.79,
13/07/2021 18:21:23.225,103477,AM1V310 @334858,224054,38900100,1024.56,
13/07/2021 18:21:23.720,103972,AM1V310 @334858,224117,178D0100,1016.55,
13/07/2021 18:21:24.230,104482,AM1V310 @334858,224179,7D8D0100,1017.57,
13/07/2021 18:21:24.756,105007,AM1V310 @334858,224242,A7900100,1025.67,
13/07/2021 18:21:25.251,105503,AM1V310 @334858,224304,08910100,1026.64,
13/07/2021 18:21:25.730,105982,AM1V310 @334858,224367,C1900100,1025.93,
13/07/2021 18:21:26.226,106478,AM1V310 @334858,224429,9B900100,1025.55,
13/07/2021 18:21:26.735,106986,AM1V310 @334858,224492,D9900100,1026.17,
13/07/2021 18:21:27.230,107482,AM1V310 @334858,224554,98900100,1025.52,
13/07/2021 18:21:27.725,107977,AM1V310 @334858,224617,93900100,1025.47,
13/07/2021 18:21:28.219,108471,AM1V310 @334858,224679,B5900100,1025.81,
13/07/2021 18:21:28.730,108982,AM1V310 @334858,224742,A9900100,1025.69,
13/07/2021 18:21:29.256,109508,AM1V310 @334858,224804,88900100,1025.36,
13/07/2021 18:21:29.733,109985,AM1V310 @334858,224867,ED8C0100,1016.13,
13/07/2021 18:21:30.231,110483,AM1V310 @334858,224929,AD8D0100,1018.05,
13/07/2021 18:21:30.726,110978,AM1V310 @334858,224992,FF900100,1026.55,
13/07/2021 18:21:31.221,111472,AM1V310 @334858,225054,C2900100,1025.94,
13/07/2021 18:21:31.730,111982,AM1V310 @334858,225117,55900100,1024.85,
13/07/2021 18:21:32.225,112477,AM1V310 @334858,225179,2D900100,1024.45,
13/07/2021 18:21:32.719,112971,AM1V310 @334858,225242,46900100,1024.7,
13/07/2021 18:21:33.260,113512,AM1V310 @334858,225304,38900100,1024.56,
13/07/2021 18:21:33.741,113993,AM1V310 @334858,225367,2C900100,1024.44,
13/07/2021 18:21:34.234,114486,AM1V310 @334858,225429,EA8F0100,1023.78,
13/07/2021 18:21:34.731,114983,AM1V310 @334858,225492,06900100,1024.06,
13/07/2021 18:21:35.225,115477,AM1V310 @334858,225554,0D900100,1024.13,
13/07/2021 18:21:35.720,115972,AM1V310 @334858,225617,FA8C0100,1016.26,
13/07/2021 18:21:36.230,116482,AM1V310 @334858,225679,368D0100,1016.86,
13/07/2021 18:21:36.725,116977,AM1V310 @334858,225742,9E900100,1025.58,
13/07/2021 18:21:37.250,117502,AM1V310 @334858,225804,CE900100,1026.06,
13/07/2021 18:21:37.732,117984,AM1V310 @334858,225867,66900100,1025.02,
13/07/2021 18:21:38.241,118492,AM1V310 @334858,225929,52900100,1024.82,
13/07/2021 18:21:38.721,118973,AM1V310 @334858,225992,30900100,1024.48,
13/07/2021 18:21:39.231,119483,AM1V310 @334858,226054,4B900100,1024.75,
13/07/2021 18:21:39.726,119977,AM1V310 @334858,226117,2F900100,1024.47,
13/07/2021 18:21:40.220,120472,AM1V310 @334858,226179,2B900100,1024.43,
13/07/2021 18:21:40.730,120982,AM1V310 @334858,226242,2B900100,1024.43,
13/07/2021 18:21:41.226,121478,AM1V310 @334858,226304,05900100,1024.05,
13/07/2021 18:21:41.750,122002,AM1V310 @334858,226367,028D0100,1016.34,
13/07/2021 18:21:42.230,122482,AM1V310 @334858,226429,848D0100,1017.64,
13/07/2021 18:21:42.725,122977,AM1V310 @334858,226492,6F900100,1025.11,
13/07/2021 18:21:43.220,123472,AM1V310 @334858,226554,8C900100,1025.4,
13/07/2021 18:21:43.730,123982,AM1V310 @334858,226617,64900100,1025.0,
13/07/2021 18:21:44.226,124478,AM1V310 @334858,226679,16900100,1024.22,
13/07/2021 18:21:44.750,125002,AM1V310 @334858,226742,DB8F0100,1023.63,
13/07/2021 18:21:45.230,125482,AM1V310 @334858,226804,C48F0100,1023.4,
13/07/2021 18:21:45.726,125977,AM1V310 @334858,226867,E78F0100,1023.75,
13/07/2021 18:21:46.218,126470,AM1V310 @334858,226929,0E900100,1024.14,
13/07/2021 18:21:46.729,126981,AM1V310 @334858,226992,0B900100,1024.11,
13/07/2021 18:21:47.238,127490,AM1V310 @334858,227054,44900100,1024.68,
13/07/2021 18:21:47.720,127972,AM1V310 @334858,227117,008E0100,1018.88,
13/07/2021 18:21:48.231,128483,AM1V310 @334858,227179,4E8D0100,1017.1,
13/07/2021 18:21:48.725,128977,AM1V310 @334858,227242,0A900100,1024.1,
13/07/2021 18:21:49.249,129500,AM1V310 @334858,227304,5F900100,1024.95,
13/07/2021 18:21:49.730,129982,AM1V310 @334858,227367,58900100,1024.88,
13/07/2021 18:21:50.225,130477,AM1V310 @334858,227429,53900100,1024.83,
13/07/2021 18:21:50.720,130971,AM1V310 @334858,227492,6A900100,1025.06,
13/07/2021 18:21:51.231,131482,AM1V310 @334858,227554,45900100,1024.69,
13/07/2021 18:21:51.724,131976,AM1V310 @334858,227617,37900100,1024.55,
13/07/2021 18:21:52.220,132472,AM1V310 @334858,227679,13900100,1024.19,
13/07/2021 18:21:52.714,132966,AM1V310 @334858,227742,DF8F0100,1023.67,
13/07/2021 18:21:53.256,133507,AM1V310 @334858,227804,FA8F0100,1023.94,
13/07/2021 18:21:53.735,133987,AM1V310 @334858,227867,B78D0100,1018.15,
13/07/2021 18:21:54.230,134482,AM1V310 @334858,227929,728D0100,1017.46,
13/07/2021 18:21:54.726,134978,AM1V310 @334858,227992,2B900100,1024.43,
13/07/2021 18:21:55.221,135473,AM1V310 @334858,228054,3F900100,1024.63,
13/07/2021 18:21:55.714,135966,AM1V310 @334858,228117,51900100,1024.81,
13/07/2021 18:21:56.226,136478,AM1V310 @334858,228179,41900100,1024.65,
13/07/2021 18:21:56.721,136972,AM1V310 @334858,228242,61900100,1024.97,
13/07/2021 18:21:57.215,137467,AM1V310 @334858,228304,87900100,1025.35,
13/07/2021 18:21:57.725,137977,AM1V310 @334858,228367,30900100,1024.48,
13/07/2021 18:21:58.220,138472,AM1V310 @334858,228429,FC8F0100,1023.96,
13/07/2021 18:21:58.715,138967,AM1V310 @334858,228492,28900100,1024.4,
13/07/2021 18:21:59.225,139477,AM1V310 @334858,228554,1F900100,1024.31,
13/07/2021 18:21:59.720,139972,AM1V310 @334858,228617,E18D0100,1018.57,
13/07/2021 18:22:00.215,140467,AM1V310 @334858,228679,5D8D0100,1017.25,
13/07/2021 18:22:00.726,140977,AM1V310 @334858,228742,C9900100,1026.01,
13/07/2021 18:22:01.218,141470,AM1V310 @334858,228804,05910100,1026.61,
13/07/2021 18:22:01.730,141982,AM1V310 @334858,228867,21900100,1024.33,
13/07/2021 18:22:02.256,142508,AM1V310 @334858,228929,45900100,1024.69,
13/07/2021 18:22:02.720,142972,AM1V310 @334858,228992,3A900100,1024.58,
13/07/2021 18:22:03.215,143467,AM1V310 @334858,229054,86900100,1025.34,
13/07/2021 18:22:03.723,143975,AM1V310 @334858,229117,6C900100,1025.08,
13/07/2021 18:22:04.221,144473,AM1V310 @334858,229179,7E900100,1025.26,
13/07/2021 18:22:04.716,144968,AM1V310 @334858,229242,81900100,1025.29,
13/07/2021 18:22:05.224,145476,AM1V310 @334858,229304,40900100,1024.64,
13/07/2021 18:22:05.720,145972,AM1V310 @334858,229367,088E0100,1018.96,
13/07/2021 18:22:06.246,146498,AM1V310 @334858,229429,408D0100,1016.96,
13/07/2021 18:22:06.724,146975,AM1V310 @334858,229492,6E8E0100,1019.98,
13/07/2021 18:22:07.219,147471,AM1V310 @334858,229554,EE900100,1026.38,
13/07/2021 18:22:07.715,147967,AM1V310 @334858,229617,E9900100,1026.33,
13/07/2021 18:22:08.225,148477,AM1V310 @334858,229679,DA900100,1026.18,
13/07/2021 18:22:08.720,148972,AM1V310 @334858,229742,B4900100,1025.8,
13/07/2021 18:22:09.216,149467,AM1V310 @334858,229804,8F900100,1025.43,
13/07/2021 18:22:09.754,150005,AM1V310 @334858,229867,CF900100,1026.07,
13/07/2021 18:22:10.236,150488,AM1V310 @334858,229929,B9900100,1025.85,
13/07/2021 18:22:10.715,150967,AM1V310 @334858,229992,AC900100,1025.72,
13/07/2021 18:22:11.224,151476,AM1V310 @334858,230054,80900100,1025.28,
13/07/2021 18:22:11.720,151972,AM1V310 @334858,230117,8C8E0100,1020.28,
13/07/2021 18:22:12.215,152467,AM1V310 @334858,230179,278D0100,1016.71,
13/07/2021 18:22:12.740,152992,AM1V310 @334858,230242,F68F0100,1023.9,
13/07/2021 18:22:13.221,153473,AM1V310 @334858,230304,78900100,1025.2,
13/07/2021 18:22:13.713,153965,AM1V310 @334858,230367,3F900100,1024.63,
13/07/2021 18:22:14.240,154492,AM1V310 @334858,230429,2B900100,1024.43,
13/07/2021 18:22:14.720,154972,AM1V310 @334858,230492,23900100,1024.35,
13/07/2021 18:22:15.215,155467,AM1V310 @334858,230554,F68F0100,1023.9,
13/07/2021 18:22:15.740,155992,AM1V310 @334858,230617,D78F0100,1023.59,
13/07/2021 18:22:16.220,156472,AM1V310 @334858,230679,B08F0100,1023.2,
13/07/2021 18:22:16.715,156967,AM1V310 @334858,230742,988F0100,1022.96,
13/07/2021 18:22:17.225,157477,AM1V310 @334858,230804,8C8F0100,1022.84,
13/07/2021 18:22:17.750,158002,AM1V310 @334858,230867,398E0100,1019.45,
13/07/2021 18:22:18.231,158483,AM1V310 @334858,230929,908D0100,1017.76,
13/07/2021 18:22:18.723,158975,AM1V310 @334858,230992,1A900100,1024.26,
13/07/2021 18:22:19.220,159472,AM1V310 @334858,231054,2A900100,1024.42,
13/07/2021 18:22:19.715,159967,AM1V310 @334858,231117,1D900100,1024.29,
13/07/2021 18:22:20.223,160475,AM1V310 @334858,231179,46900100,1024.7,
13/07/2021 18:22:20.720,160972,AM1V310 @334858,231242,38900100,1024.56,
13/07/2021 18:22:21.215,161467,AM1V310 @334858,231304,10900100,1024.16,
13/07/2021 18:22:21.753,162005,AM1V310 @334858,231367,15900100,1024.21,
13/07/2021 18:22:22.235,162487,AM1V310 @334858,231429,E88F0100,1023.76,
13/07/2021 18:22:22.715,162967,AM1V310 @334858,231492,DF8F0100,1023.67,
13/07/2021 18:22:23.224,163476,AM1V310 @334858,231554,B28F0100,1023.22,
13/07/2021 18:22:23.720,163972,AM1V310 @334858,231617,DD8D0100,1018.53,
13/07/2021 18:22:24.215,164467,AM1V310 @334858,231679,7B8D0100,1017.55,
13/07/2021 18:22:24.726,164977,AM1V310 @334858,231742,558F0100,1022.29,
13/07/2021 18:22:25.220,165472,AM1V310 @334858,231804,6F900100,1025.11,
13/07/2021 18:22:25.713,165965,AM1V310 @334858,231867,CF900100,1026.07,
13/07/2021 18:22:26.240,166492,AM1V310 @334858,231929,8F900100,1025.43,
13/07/2021 18:22:26.720,166972,AM1V310 @334858,231992,6B900100,1025.07,
13/07/2021 18:22:27.215,167467,AM1V310 @334858,232054,48900100,1024.72,
13/07/2021 18:22:27.740,167992,AM1V310 @334858,232117,29900100,1024.41,
13/07/2021 18:22:28.220,168472,AM1V310 @334858,232179,F88F0100,1023.92,
13/07/2021 18:22:28.716,168967,AM1V310 @334858,232242,03900100,1024.03,
13/07/2021 18:22:29.226,169478,AM1V310 @334858,232304,CB8F0100,1023.47,
13/07/2021 18:22:29.720,169972,AM1V310 @334858,232367,928F0100,1022.9,
13/07/2021 18:22:30.215,170467,AM1V310 @334858,232429,8B8D0100,1017.71,
13/07/2021 18:22:30.740,170992,AM1V310 @334858,232492,C48F0100,1023.4,
13/07/2021 18:22:31.221,171473,AM1V310 @334858,232554,46910100,1027.26,
13/07/2021 18:22:31.715,171967,AM1V310 @334858,232617,09910100,1026.65,
13/07/2021 18:22:32.225,172477,AM1V310 @334858,232679,B5900100,1025.81,
13/07/2021 18:22:32.720,172972,AM1V310 @334858,232742,83900100,1025.31,
13/07/2021 18:22:33.215,173467,AM1V310 @334858,232804,44900100,1024.68,
13/07/2021 18:22:33.725,173977,AM1V310 @334858,232867,20900100,1024.32,
13/07/2021 18:22:34.220,174472,AM1V310 @334858,232929,04900100,1024.04,
13/07/2021 18:22:34.730,174982,AM1V310 @334858,232992,09900100,1024.09,
13/07/2021 18:22:35.255,175507,AM1V310 @334858,233054,67900100,1025.03,
13/07/2021 18:22:35.720,175972,AM1V310 @334858,233117,8D900100,1025.41,
13/07/2021 18:22:36.215,176467,AM1V310 @334858,233179,DC8D0100,1018.52,
13/07/2021 18:22:36.710,176962,AM1V310 @334858,233242,A08E0100,1020.48,
13/07/2021 18:22:37.220,177472,AM1V310 @334858,233304,00910100,1026.56,
13/07/2021 18:22:37.716,177967,AM1V310 @334858,233367,2C910100,1027.0,
13/07/2021 18:22:38.210,178462,AM1V310 @334858,233429,EB900100,1026.35,
13/07/2021 18:22:38.751,179003,AM1V310 @334858,233492,BA900100,1025.86,
13/07/2021 18:22:39.229,179481,AM1V310 @334858,233554,B6900100,1025.82,
13/07/2021 18:22:39.710,179962,AM1V310 @334858,233617,C4900100,1025.96,
13/07/2021 18:22:40.218,180470,AM1V310 @334858,233679,BE900100,1025.9,
13/07/2021 18:22:40.713,180965,AM1V310 @334858,233742,96900100,1025.5,
13/07/2021 18:22:41.211,181463,AM1V310 @334858,233804,4B900100,1024.75,
13/07/2021 18:22:41.720,181972,AM1V310 @334858,233867,6E8F0100,1022.54,
13/07/2021 18:22:42.215,182467,AM1V310 @334858,233929,448D0100,1017.0,
13/07/2021 18:22:42.710,182962,AM1V310 @334858,233992,6B8D0100,1017.39,
13/07/2021 18:22:43.216,183468,AM1V310 @334858,234054,938D0100,1017.79,
13/07/2021 18:22:43.713,183965,AM1V310 @334858,234117,B58D0100,1018.13,
