Log start on,2021-07-12 16:29:19
Feature,Pressure
Nodes,AM1V310 @334858, 
Date,HostTimestamp (ms),NodeName,NodeTimestamp,RawData,Pressure (mBar),
12/07/2021 16:29:19.958,285,AM1V310 @334858,61383,5C8F0100,1022.36,
12/07/2021 16:29:20.438,765,AM1V310 @334858,61446,5A8F0100,1022.34,
12/07/2021 16:29:20.932,1259,AM1V310 @334858,61508,5E8F0100,1022.38,
12/07/2021 16:29:21.461,1788,AM1V310 @334858,61571,858F0100,1022.77,
12/07/2021 16:29:21.940,2267,AM1V310 @334858,61633,22940100,1034.58,
12/07/2021 16:29:22.435,2762,AM1V310 @334858,61696,A6A10100,1069.18,
12/07/2021 16:29:22.945,3272,AM1V310 @334858,61758,FF940100,1036.79,
12/07/2021 16:29:23.456,3783,AM1V310 @334858,61821,BD8D0100,1018.21,
12/07/2021 16:29:23.965,4292,AM1V310 @334858,61883,419F0100,1063.05,
12/07/2021 16:29:24.443,4770,AM1V310 @334858,61946,449C0100,1055.4,
12/07/2021 16:29:24.940,5267,AM1V310 @334858,62008,088D0100,1016.4,
12/07/2021 16:29:25.435,5762,AM1V310 @334858,62071,6D980100,1045.57,
12/07/2021 16:29:25.945,6272,AM1V310 @334858,62133,839E0100,1061.15,
12/07/2021 16:29:26.470,6797,AM1V310 @334858,62196,B18E0100,1020.65,
12/07/2021 16:29:26.935,7262,AM1V310 @334858,62258,7F8D0100,1017.59,
12/07/2021 16:29:27.442,7769,AM1V310 @334858,62321,549E0100,1060.68,
12/07/2021 16:29:27.936,8263,AM1V310 @334858,62383,259C0100,1055.09,
12/07/2021 16:29:28.448,8775,AM1V310 @334858,62446,448C0100,1014.44,
12/07/2021 16:29:28.959,9286,AM1V310 @334858,62508,628D0100,1017.3,
12/07/2021 16:29:29.439,9766,AM1V310 @334858,62571,2E9C0100,1055.18,
12/07/2021 16:29:29.936,10263,AM1V310 @334858,62633,4E9B0100,1052.94,
12/07/2021 16:29:30.444,10771,AM1V310 @334858,62696,CF8B0100,1013.27,
12/07/2021 16:29:30.940,11267,AM1V310 @334858,62758,0C8D0100,1016.44,
12/07/2021 16:29:31.465,11791,AM1V310 @334858,62821,CE9C0100,1056.78,
12/07/2021 16:29:31.959,12286,AM1V310 @334858,62883,DE9B0100,1054.38,
12/07/2021 16:29:32.439,12766,AM1V310 @334858,62946,F58B0100,1013.65,
12/07/2021 16:29:32.933,13260,AM1V310 @334858,63008,9D8B0100,1012.77,
12/07/2021 16:29:33.444,13771,AM1V310 @334858,63071,D89A0100,1051.76,
12/07/2021 16:29:33.936,14263,AM1V310 @334858,63133,AF9B0100,1053.91,
12/07/2021 16:29:34.433,14760,AM1V310 @334858,63196,4D8D0100,1017.09,
12/07/2021 16:29:34.928,15255,AM1V310 @334858,63258,168B0100,1011.42,
12/07/2021 16:29:35.439,15766,AM1V310 @334858,63321,D4970100,1044.04,
12/07/2021 16:29:35.933,16260,AM1V310 @334858,63383,FD9A0100,1052.13,
12/07/2021 16:29:36.460,16787,AM1V310 @334858,63446,C88B0100,1013.2,
12/07/2021 16:29:36.939,17266,AM1V310 @334858,63508,978A0100,1010.15,
12/07/2021 16:29:37.435,17761,AM1V310 @334858,63571,62980100,1045.46,
12/07/2021 16:29:37.929,18256,AM1V310 @334858,63633,F39A0100,1052.03,
12/07/2021 16:29:38.439,18766,AM1V310 @334858,63696,CA8C0100,1015.78,
12/07/2021 16:29:38.934,19261,AM1V310 @334858,63758,2D8A0100,1009.09,
12/07/2021 16:29:39.429,19756,AM1V310 @334858,63821,A5930100,1033.33,
12/07/2021 16:29:39.968,20295,AM1V310 @334858,63883,109B0100,1052.32,
12/07/2021 16:29:40.464,20791,AM1V310 @334858,63946,878E0100,1020.23,
12/07/2021 16:29:40.930,21257,AM1V310 @334858,64008,248A0100,1009.0,
12/07/2021 16:29:41.440,21767,AM1V310 @334858,64071,3D950100,1037.41,
12/07/2021 16:29:41.950,22277,AM1V310 @334858,64133,0D9B0100,1052.29,
12/07/2021 16:29:42.431,22757,AM1V310 @334858,64196,738D0100,1017.47,
12/07/2021 16:29:42.940,23267,AM1V310 @334858,64258,97890100,1007.59,
12/07/2021 16:29:43.435,23762,AM1V310 @334858,64321,0B970100,1042.03,
12/07/2021 16:29:43.930,24257,AM1V310 @334858,64383,BA990100,1048.9,
12/07/2021 16:29:44.470,24797,AM1V310 @334858,64446,C98B0100,1013.21,
12/07/2021 16:29:44.948,25274,AM1V310 @334858,64508,CF890100,1008.15,
12/07/2021 16:29:45.430,25757,AM1V310 @334858,64571,99970100,1043.45,
12/07/2021 16:29:45.940,26267,AM1V310 @334858,64633,CD980100,1046.53,
12/07/2021 16:29:46.435,26762,AM1V310 @334858,64696,DD8A0100,1010.85,
12/07/2021 16:29:46.930,27257,AM1V310 @334858,64758,4E890100,1006.86,
12/07/2021 16:29:47.438,27765,AM1V310 @334858,64821,D6970100,1044.06,
12/07/2021 16:29:47.950,28277,AM1V310 @334858,64883,BA990100,1048.9,
12/07/2021 16:29:48.430,28757,AM1V310 @334858,64946,0F8E0100,1019.03,
12/07/2021 16:29:48.940,29267,AM1V310 @334858,65008,D9880100,1005.69,
12/07/2021 16:29:49.433,29760,AM1V310 @334858,65071,B38F0100,1023.23,
12/07/2021 16:29:49.928,30254,AM1V310 @334858,65133,189A0100,1049.84,
12/07/2021 16:29:50.440,30767,AM1V310 @334858,65196,D5910100,1028.69,
12/07/2021 16:29:50.935,31262,AM1V310 @334858,65258,AA880100,1005.22,
12/07/2021 16:29:51.430,31757,AM1V310 @334858,65321,03940100,1034.27,
12/07/2021 16:29:51.955,32282,AM1V310 @334858,65383,37990100,1047.59,
12/07/2021 16:29:52.436,32763,AM1V310 @334858,65446,E88D0100,1018.64,
12/07/2021 16:29:52.930,33257,AM1V310 @334858,65508,8C880100,1004.92,
12/07/2021 16:29:53.440,33767,AM1V310 @334858,65571,68910100,1027.6,
12/07/2021 16:29:53.935,34262,AM1V310 @334858,65633,2F990100,1047.51,
12/07/2021 16:29:54.430,34757,AM1V310 @334858,65696,AB900100,1025.71,
12/07/2021 16:29:54.940,35267,AM1V310 @334858,65758,69880100,1004.57,
12/07/2021 16:29:55.435,35762,AM1V310 @334858,65821,E48F0100,1023.72,
12/07/2021 16:29:55.930,36257,AM1V310 @334858,65883,02990100,1047.06,
12/07/2021 16:29:56.440,36767,AM1V310 @334858,65946,D2910100,1028.66,
12/07/2021 16:29:56.963,37290,AM1V310 @334858,66008,45880100,1004.21,
12/07/2021 16:29:57.444,37771,AM1V310 @334858,66071,788C0100,1014.96,
12/07/2021 16:29:57.940,38267,AM1V310 @334858,66133,43990100,1047.71,
12/07/2021 16:29:58.435,38762,AM1V310 @334858,66196,17910100,1026.79,
12/07/2021 16:29:58.931,39258,AM1V310 @334858,66258,46880100,1004.22,
12/07/2021 16:29:59.440,39767,AM1V310 @334858,66321,FA8C0100,1016.26,
12/07/2021 16:29:59.935,40262,AM1V310 @334858,66383,4F990100,1047.83,
12/07/2021 16:30:00.429,40755,AM1V310 @334858,66446,14930100,1031.88,
12/07/2021 16:30:00.956,41282,AM1V310 @334858,66508,2E880100,1003.98,
12/07/2021 16:30:01.435,41762,AM1V310 @334858,66571,B68A0100,1010.46,
12/07/2021 16:30:01.931,42258,AM1V310 @334858,66633,AC980100,1046.2,
12/07/2021 16:30:02.439,42766,AM1V310 @334858,66696,D28F0100,1023.54,
12/07/2021 16:30:02.935,43262,AM1V310 @334858,66758,35880100,1004.05,
12/07/2021 16:30:03.430,43757,AM1V310 @334858,66821,298D0100,1016.73,
12/07/2021 16:30:03.940,44267,AM1V310 @334858,66883,06990100,1047.1,
12/07/2021 16:30:04.465,44792,AM1V310 @334858,66946,11900100,1024.17,
12/07/2021 16:30:04.945,45272,AM1V310 @334858,67008,20880100,1003.84,
12/07/2021 16:30:05.437,45764,AM1V310 @334858,67071,09890100,1006.17,
12/07/2021 16:30:05.933,46260,AM1V310 @334858,67133,7F980100,1045.75,
12/07/2021 16:30:06.430,46757,AM1V310 @334858,67196,D9930100,1033.85,
12/07/2021 16:30:06.940,47267,AM1V310 @334858,67258,58880100,1004.4,
12/07/2021 16:30:07.435,47762,AM1V310 @334858,67321,918A0100,1010.09,
12/07/2021 16:30:07.930,48257,AM1V310 @334858,67383,B3980100,1046.27,
12/07/2021 16:30:08.470,48797,AM1V310 @334858,67446,A5920100,1030.77,
12/07/2021 16:30:08.949,49276,AM1V310 @334858,67508,5C880100,1004.44,
12/07/2021 16:30:09.430,49757,AM1V310 @334858,67571,CB8F0100,1023.47,
12/07/2021 16:30:09.940,50267,AM1V310 @334858,67633,6C980100,1045.56,
12/07/2021 16:30:10.435,50762,AM1V310 @334858,67696,018F0100,1021.45,
12/07/2021 16:30:10.930,51257,AM1V310 @334858,67758,31880100,1004.01,
12/07/2021 16:30:11.439,51766,AM1V310 @334858,67821,6E900100,1025.1,
12/07/2021 16:30:11.935,52262,AM1V310 @334858,67883,3C980100,1045.08,
12/07/2021 16:30:12.430,52757,AM1V310 @334858,67946,0F8E0100,1019.03,
12/07/2021 16:30:12.970,53297,AM1V310 @334858,68008,22880100,1003.86,
12/07/2021 16:30:13.448,53775,AM1V310 @334858,68071,738E0100,1020.03,
12/07/2021 16:30:13.930,54257,AM1V310 @334858,68133,46980100,1045.18,
12/07/2021 16:30:14.440,54767,AM1V310 @334858,68196,658F0100,1022.45,
12/07/2021 16:30:14.936,55263,AM1V310 @334858,68258,26880100,1003.9,
12/07/2021 16:30:15.430,55757,AM1V310 @334858,68321,CE8E0100,1020.94,
12/07/2021 16:30:15.940,56267,AM1V310 @334858,68383,3E980100,1045.1,
12/07/2021 16:30:16.435,56762,AM1V310 @334858,68446,1B900100,1024.27,
12/07/2021 16:30:16.945,57272,AM1V310 @334858,68508,1A880100,1003.78,
12/07/2021 16:30:17.467,57794,AM1V310 @334858,68571,928F0100,1022.9,
12/07/2021 16:30:17.935,58262,AM1V310 @334858,68633,3D980100,1045.09,
12/07/2021 16:30:18.430,58757,AM1V310 @334858,68696,1B900100,1024.27,
12/07/2021 16:30:18.954,59281,AM1V310 @334858,68758,01880100,1003.53,
12/07/2021 16:30:19.435,59762,AM1V310 @334858,68821,458C0100,1014.45,
12/07/2021 16:30:19.930,60257,AM1V310 @334858,68883,2D980100,1044.93,
12/07/2021 16:30:20.425,60752,AM1V310 @334858,68946,06920100,1029.18,
12/07/2021 16:30:20.965,61292,AM1V310 @334858,69008,08880100,1003.6,
12/07/2021 16:30:21.445,61772,AM1V310 @334858,69071,738E0100,1020.03,
12/07/2021 16:30:21.925,62252,AM1V310 @334858,69133,10980100,1044.64,
12/07/2021 16:30:22.435,62762,AM1V310 @334858,69196,AF8F0100,1023.19,
12/07/2021 16:30:22.929,63256,AM1V310 @334858,69258,FB870100,1003.47,
12/07/2021 16:30:23.425,63752,AM1V310 @334858,69321,8F8C0100,1015.19,
12/07/2021 16:30:23.936,64262,AM1V310 @334858,69383,FA970100,1044.42,
12/07/2021 16:30:24.430,64757,AM1V310 @334858,69446,5B8F0100,1022.35,
12/07/2021 16:30:24.955,65282,AM1V310 @334858,69508,1F880100,1003.83,
12/07/2021 16:30:25.435,65762,AM1V310 @334858,69571,6A920100,1030.18,
12/07/2021 16:30:25.927,66254,AM1V310 @334858,69633,54970100,1042.76,
12/07/2021 16:30:26.423,66750,AM1V310 @334858,69696,968C0100,1015.26,
12/07/2021 16:30:26.950,67277,AM1V310 @334858,69758,13880100,1003.71,
12/07/2021 16:30:27.430,67756,AM1V310 @334858,69821,9C920100,1030.68,
12/07/2021 16:30:27.921,68248,AM1V310 @334858,69883,03970100,1041.95,
12/07/2021 16:30:28.450,68777,AM1V310 @334858,69946,388C0100,1014.32,
12/07/2021 16:30:28.930,69257,AM1V310 @334858,70008,4A880100,1004.26,
12/07/2021 16:30:29.422,69749,AM1V310 @334858,70071,DC950100,1039.0,
12/07/2021 16:30:29.947,70274,AM1V310 @334858,70133,D2960100,1041.46,
12/07/2021 16:30:30.429,70756,AM1V310 @334858,70196,6C890100,1007.16,
12/07/2021 16:30:30.925,71252,AM1V310 @334858,70258,06880100,1003.58,
12/07/2021 16:30:31.432,71759,AM1V310 @334858,70321,97920100,1030.63,
12/07/2021 16:30:31.930,72257,AM1V310 @334858,70383,86960100,1040.7,
12/07/2021 16:30:32.425,72752,AM1V310 @334858,70446,408B0100,1011.84,
12/07/2021 16:30:32.936,73263,AM1V310 @334858,70508,13880100,1003.71,
12/07/2021 16:30:33.460,73787,AM1V310 @334858,70571,51920100,1029.93,
12/07/2021 16:30:33.925,74252,AM1V310 @334858,70633,42960100,1040.02,
12/07/2021 16:30:34.431,74758,AM1V310 @334858,70696,18890100,1006.32,
12/07/2021 16:30:34.926,75253,AM1V310 @334858,70758,52880100,1004.34,
12/07/2021 16:30:35.420,75747,AM1V310 @334858,70821,90940100,1035.68,
12/07/2021 16:30:35.935,76262,AM1V310 @334858,70883,52960100,1040.18,
12/07/2021 16:30:36.430,76757,AM1V310 @334858,70946,BE890100,1007.98,
12/07/2021 16:30:36.940,77267,AM1V310 @334858,71008,7C880100,1004.76,
12/07/2021 16:30:37.450,77777,AM1V310 @334858,71071,3C940100,1034.84,
12/07/2021 16:30:37.944,78271,AM1V310 @334858,71133,56960100,1040.22,
12/07/2021 16:30:38.425,78752,AM1V310 @334858,71196,F9890100,1008.57,
12/07/2021 16:30:38.935,79261,AM1V310 @334858,71258,33880100,1004.03,
12/07/2021 16:30:39.445,79772,AM1V310 @334858,71321,9D930100,1033.25,
12/07/2021 16:30:39.925,80252,AM1V310 @334858,71383,13970100,1042.11,
12/07/2021 16:30:40.463,80790,AM1V310 @334858,71446,A38A0100,1010.27,
12/07/2021 16:30:40.930,81257,AM1V310 @334858,71508,37880100,1004.07,
12/07/2021 16:30:41.424,81751,AM1V310 @334858,71571,85920100,1030.45,
12/07/2021 16:30:41.950,82277,AM1V310 @334858,71633,89960100,1040.73,
12/07/2021 16:30:42.430,82757,AM1V310 @334858,71696,818F0100,1022.73,
12/07/2021 16:30:42.940,83266,AM1V310 @334858,71758,15880100,1003.73,
12/07/2021 16:30:43.435,83761,AM1V310 @334858,71821,788A0100,1009.84,
12/07/2021 16:30:43.930,84257,AM1V310 @334858,71883,E7960100,1041.67,
12/07/2021 16:30:44.425,84752,AM1V310 @334858,71946,30930100,1032.16,
12/07/2021 16:30:44.935,85262,AM1V310 @334858,72008,5A880100,1004.42,
12/07/2021 16:30:45.445,85772,AM1V310 @334858,72071,61890100,1007.05,
12/07/2021 16:30:45.925,86252,AM1V310 @334858,72133,43960100,1040.03,
12/07/2021 16:30:46.450,86777,AM1V310 @334858,72196,F9930100,1034.17,
12/07/2021 16:30:46.930,87257,AM1V310 @334858,72258,4D880100,1004.29,
12/07/2021 16:30:47.425,87752,AM1V310 @334858,72321,A9880100,1005.21,
12/07/2021 16:30:47.936,88263,AM1V310 @334858,72383,1E960100,1039.66,
12/07/2021 16:30:48.430,88757,AM1V310 @334858,72446,81920100,1030.41,
12/07/2021 16:30:48.925,89252,AM1V310 @334858,72508,65880100,1004.53,
12/07/2021 16:30:49.433,89760,AM1V310 @334858,72571,9B8A0100,1010.19,
12/07/2021 16:30:49.929,90256,AM1V310 @334858,72633,E6960100,1041.66,
12/07/2021 16:30:50.455,90782,AM1V310 @334858,72696,AD910100,1028.29,
12/07/2021 16:30:50.965,91292,AM1V310 @334858,72758,5D880100,1004.45,
12/07/2021 16:30:51.430,91757,AM1V310 @334858,72821,D08A0100,1010.72,
12/07/2021 16:30:51.938,92265,AM1V310 @334858,72883,4D980100,1045.25,
12/07/2021 16:30:52.433,92760,AM1V310 @334858,72946,BF920100,1031.03,
12/07/2021 16:30:52.927,93254,AM1V310 @334858,73008,5F880100,1004.47,
12/07/2021 16:30:53.424,93751,AM1V310 @334858,73071,BC8C0100,1015.64,
12/07/2021 16:30:53.950,94276,AM1V310 @334858,73133,53970100,1042.75,
12/07/2021 16:30:54.430,94757,AM1V310 @334858,73196,588D0100,1017.2,
12/07/2021 16:30:54.925,95252,AM1V310 @334858,73258,59880100,1004.41,
12/07/2021 16:30:55.435,95762,AM1V310 @334858,73321,3F920100,1029.75,
12/07/2021 16:30:55.928,96255,AM1V310 @334858,73383,1D960100,1039.65,
12/07/2021 16:30:56.425,96752,AM1V310 @334858,73446,3E890100,1006.7,
12/07/2021 16:30:56.933,97260,AM1V310 @334858,73508,C7880100,1005.51,
12/07/2021 16:30:57.427,97754,AM1V310 @334858,73571,6E940100,1035.34,
12/07/2021 16:30:57.938,98265,AM1V310 @334858,73633,D0960100,1041.44,
12/07/2021 16:30:58.465,98792,AM1V310 @334858,73696,AA890100,1007.78,
12/07/2021 16:30:58.930,99256,AM1V310 @334858,73758,B0880100,1005.28,
12/07/2021 16:30:59.425,99751,AM1V310 @334858,73821,4E930100,1032.46,
12/07/2021 16:30:59.935,100262,AM1V310 @334858,73883,55960100,1040.21,
12/07/2021 16:31:00.428,100755,AM1V310 @334858,73946,06890100,1006.14,
12/07/2021 16:31:00.924,101251,AM1V310 @334858,74008,08890100,1006.16,
12/07/2021 16:31:01.453,101780,AM1V310 @334858,74071,0F970100,1042.07,
12/07/2021 16:31:01.932,102259,AM1V310 @334858,74133,30970100,1042.4,
12/07/2021 16:31:02.411,102738,AM1V310 @334858,74196,75890100,1007.25,
12/07/2021 16:31:02.937,103264,AM1V310 @334858,74258,AA880100,1005.22,
12/07/2021 16:31:03.430,103757,AM1V310 @334858,74321,D8900100,1026.16,
12/07/2021 16:31:03.955,104282,AM1V310 @334858,74383,B8970100,1043.76,
12/07/2021 16:31:04.435,104762,AM1V310 @334858,74446,088C0100,1013.84,
12/07/2021 16:31:04.933,105259,AM1V310 @334858,74508,86880100,1004.86,
12/07/2021 16:31:05.426,105753,AM1V310 @334858,74571,4E8E0100,1019.66,
12/07/2021 16:31:05.908,106235,AM1V310 @334858,74633,02980100,1044.5,
12/07/2021 16:31:06.418,106745,AM1V310 @334858,74696,99910100,1028.09,
12/07/2021 16:31:06.925,107251,AM1V310 @334858,74758,70880100,1004.64,
12/07/2021 16:31:07.420,107747,AM1V310 @334858,74821,278B0100,1011.59,
12/07/2021 16:31:07.930,108257,AM1V310 @334858,74883,C9970100,1043.93,
12/07/2021 16:31:08.439,108766,AM1V310 @334858,74946,93910100,1028.03,
12/07/2021 16:31:08.920,109247,AM1V310 @334858,75008,84880100,1004.84,
12/07/2021 16:31:09.430,109756,AM1V310 @334858,75071,8F8C0100,1015.19,
12/07/2021 16:31:09.956,110282,AM1V310 @334858,75133,92970100,1043.38,
12/07/2021 16:31:10.435,110762,AM1V310 @334858,75196,558D0100,1017.17,
12/07/2021 16:31:10.930,111257,AM1V310 @334858,75258,9C880100,1005.08,
12/07/2021 16:31:11.440,111767,AM1V310 @334858,75321,B68E0100,1020.7,
12/07/2021 16:31:11.920,112247,AM1V310 @334858,75383,83970100,1043.23,
12/07/2021 16:31:12.430,112757,AM1V310 @334858,75446,3C8B0100,1011.8,
12/07/2021 16:31:12.923,113250,AM1V310 @334858,75508,96880100,1005.02,
12/07/2021 16:31:13.420,113746,AM1V310 @334858,75571,FC910100,1029.08,
12/07/2021 16:31:13.958,114284,AM1V310 @334858,75633,32970100,1042.42,
12/07/2021 16:31:14.437,114764,AM1V310 @334858,75696,CD890100,1008.13,
12/07/2021 16:31:14.920,115247,AM1V310 @334858,75758,B4880100,1005.32,
12/07/2021 16:31:15.431,115757,AM1V310 @334858,75821,CA8F0100,1023.46,
12/07/2021 16:31:15.926,116252,AM1V310 @334858,75883,C5970100,1043.89,
12/07/2021 16:31:16.420,116747,AM1V310 @334858,75946,218F0100,1021.77,
12/07/2021 16:31:16.930,117257,AM1V310 @334858,76008,5C880100,1004.44,
12/07/2021 16:31:17.425,117752,AM1V310 @334858,76071,1C8E0100,1019.16,
12/07/2021 16:31:17.965,118292,AM1V310 @334858,76133,89980100,1045.85,
12/07/2021 16:31:18.444,118771,AM1V310 @334858,76196,8A900100,1025.38,
12/07/2021 16:31:18.924,119251,AM1V310 @334858,76258,5A880100,1004.42,
12/07/2021 16:31:19.420,119747,AM1V310 @334858,76321,3A8B0100,1011.78,
12/07/2021 16:31:19.930,120257,AM1V310 @334858,76383,3B980100,1045.07,
12/07/2021 16:31:20.425,120752,AM1V310 @334858,76446,288F0100,1021.84,
12/07/2021 16:31:20.919,121246,AM1V310 @334858,76508,7B880100,1004.75,
12/07/2021 16:31:21.430,121757,AM1V310 @334858,76571,148C0100,1013.96,
12/07/2021 16:31:21.926,122253,AM1V310 @334858,76633,1C980100,1044.76,
12/07/2021 16:31:22.451,122777,AM1V310 @334858,76696,878E0100,1020.23,
12/07/2021 16:31:22.930,123256,AM1V310 @334858,76758,9B880100,1005.07,
12/07/2021 16:31:23.425,123752,AM1V310 @334858,76821,348C0100,1014.28,
12/07/2021 16:31:23.920,124247,AM1V310 @334858,76883,D6970100,1044.06,
12/07/2021 16:31:24.430,124757,AM1V310 @334858,76946,CA8D0100,1018.34,
12/07/2021 16:31:24.924,125251,AM1V310 @334858,77008,B5880100,1005.33,
12/07/2021 16:31:25.419,125746,AM1V310 @334858,77071,E38E0100,1021.15,
12/07/2021 16:31:25.930,126257,AM1V310 @334858,77133,FC970100,1044.44,
12/07/2021 16:31:26.440,126767,AM1V310 @334858,77196,808A0100,1009.92,
12/07/2021 16:31:26.920,127247,AM1V310 @334858,77258,C9880100,1005.53,
12/07/2021 16:31:27.430,127756,AM1V310 @334858,77321,0B950100,1036.91,
12/07/2021 16:31:27.922,128249,AM1V310 @334858,77383,CB970100,1043.95,
12/07/2021 16:31:28.419,128746,AM1V310 @334858,77446,BB8A0100,1010.51,
12/07/2021 16:31:28.930,129257,AM1V310 @334858,77508,D4880100,1005.64,
12/07/2021 16:31:29.425,129752,AM1V310 @334858,77571,05940100,1034.29,
12/07/2021 16:31:29.919,130246,AM1V310 @334858,77633,D5970100,1044.05,
12/07/2021 16:31:30.445,130771,AM1V310 @334858,77696,DE8B0100,1013.42,
12/07/2021 16:31:30.923,131250,AM1V310 @334858,77758,94880100,1005.0,
12/07/2021 16:31:31.420,131747,AM1V310 @334858,77821,D1900100,1026.09,
12/07/2021 16:31:31.929,132256,AM1V310 @334858,77883,B0970100,1043.68,
12/07/2021 16:31:32.425,132751,AM1V310 @334858,77946,EE8E0100,1021.26,
12/07/2021 16:31:32.920,133247,AM1V310 @334858,78008,5D880100,1004.45,
12/07/2021 16:31:33.429,133756,AM1V310 @334858,78071,21900100,1024.33,
12/07/2021 16:31:33.925,134252,AM1V310 @334858,78133,22980100,1044.82,
12/07/2021 16:31:34.420,134746,AM1V310 @334858,78196,E1910100,1028.81,
12/07/2021 16:31:34.958,135284,AM1V310 @334858,78258,40880100,1004.16,
12/07/2021 16:31:35.438,135765,AM1V310 @334858,78321,C18C0100,1015.69,
12/07/2021 16:31:35.920,136247,AM1V310 @334858,78383,C0960100,1041.28,
12/07/2021 16:31:36.430,136757,AM1V310 @334858,78446,67930100,1032.71,
12/07/2021 16:31:36.925,137252,AM1V310 @334858,78508,58880100,1004.4,
12/07/2021 16:31:37.419,137746,AM1V310 @334858,78571,968F0100,1022.94,
12/07/2021 16:31:37.930,138257,AM1V310 @334858,78633,48970100,1042.64,
12/07/2021 16:31:38.455,138782,AM1V310 @334858,78696,CA8D0100,1018.34,
12/07/2021 16:31:38.935,139262,AM1V310 @334858,78758,3E880100,1004.14,
12/07/2021 16:31:39.429,139756,AM1V310 @334858,78821,5E920100,1030.06,
12/07/2021 16:31:39.925,140252,AM1V310 @334858,78883,CA960100,1041.38,
12/07/2021 16:31:40.418,140745,AM1V310 @334858,78946,648C0100,1014.76,
12/07/2021 16:31:40.930,141257,AM1V310 @334858,79008,73880100,1004.67,
12/07/2021 16:31:41.424,141751,AM1V310 @334858,79071,71930100,1032.81,
12/07/2021 16:31:41.918,142245,AM1V310 @334858,79133,CE960100,1041.42,
12/07/2021 16:31:42.460,142787,AM1V310 @334858,79196,A98A0100,1010.33,
12/07/2021 16:31:42.925,143251,AM1V310 @334858,79258,76880100,1004.7,
12/07/2021 16:31:43.435,143762,AM1V310 @334858,79321,B2950100,1038.58,
12/07/2021 16:31:43.930,144257,AM1V310 @334858,79383,65950100,1037.81,
12/07/2021 16:31:44.425,144752,AM1V310 @334858,79446,1E890100,1006.38,
12/07/2021 16:31:44.920,145247,AM1V310 @334858,79508,85880100,1004.85,
12/07/2021 16:31:45.429,145756,AM1V310 @334858,79571,F2940100,1036.66,
12/07/2021 16:31:45.924,146251,AM1V310 @334858,79633,96960100,1040.86,
12/07/2021 16:31:46.419,146746,AM1V310 @334858,79696,AC890100,1007.8,
12/07/2021 16:31:46.942,147269,AM1V310 @334858,79758,2A890100,1006.5,
12/07/2021 16:31:47.423,147749,AM1V310 @334858,79821,9A950100,1038.34,
12/07/2021 16:31:47.920,148247,AM1V310 @334858,79883,BE960100,1041.26,
12/07/2021 16:31:48.414,148741,AM1V310 @334858,79946,3B890100,1006.67,
12/07/2021 16:31:48.924,149251,AM1V310 @334858,80008,49880100,1004.25,
12/07/2021 16:31:49.420,149747,AM1V310 @334858,80071,84940100,1035.56,
12/07/2021 16:31:49.915,150242,AM1V310 @334858,80133,D3950100,1038.91,
12/07/2021 16:31:50.424,150751,AM1V310 @334858,80196,4C890100,1006.84,
12/07/2021 16:31:50.917,151244,AM1V310 @334858,80258,39890100,1006.65,
12/07/2021 16:31:51.445,151772,AM1V310 @334858,80321,3C950100,1037.4,
12/07/2021 16:31:51.925,152252,AM1V310 @334858,80383,92950100,1038.26,
12/07/2021 16:31:52.417,152744,AM1V310 @334858,80446,CF880100,1005.59,
12/07/2021 16:31:52.915,153242,AM1V310 @334858,80508,E2890100,1008.34,
12/07/2021 16:31:53.425,153751,AM1V310 @334858,80571,DF960100,1041.59,
12/07/2021 16:31:53.920,154247,AM1V310 @334858,80633,3D950100,1037.41,
12/07/2021 16:31:54.415,154742,AM1V310 @334858,80696,A8880100,1005.2,
12/07/2021 16:31:54.954,155281,AM1V310 @334858,80758,FC880100,1006.04,
12/07/2021 16:31:55.436,155763,AM1V310 @334858,80821,F9950100,1039.29,
12/07/2021 16:31:55.913,156239,AM1V310 @334858,80883,33950100,1037.31,
12/07/2021 16:31:56.423,156750,AM1V310 @334858,80946,03890100,1006.11,
12/07/2021 16:31:56.920,157247,AM1V310 @334858,81008,5F890100,1007.03,
12/07/2021 16:31:57.415,157742,AM1V310 @334858,81071,2F960100,1039.83,
12/07/2021 16:31:57.922,158249,AM1V310 @334858,81133,5C950100,1037.72,
12/07/2021 16:31:58.421,158748,AM1V310 @334858,81196,E3880100,1005.79,
12/07/2021 16:31:58.944,159271,AM1V310 @334858,81258,69890100,1007.13,
12/07/2021 16:31:59.455,159782,AM1V310 @334858,81321,C6940100,1036.22,
12/07/2021 16:31:59.920,160247,AM1V310 @334858,81383,50960100,1040.16,
12/07/2021 16:32:00.413,160740,AM1V310 @334858,81446,848A0100,1009.96,
12/07/2021 16:32:00.924,161251,AM1V310 @334858,81508,C6880100,1005.5,
12/07/2021 16:32:01.421,161747,AM1V310 @334858,81571,81920100,1030.41,
12/07/2021 16:32:01.915,162242,AM1V310 @334858,81633,94960100,1040.84,
12/07/2021 16:32:02.424,162751,AM1V310 @334858,81696,F68D0100,1018.78,
12/07/2021 16:32:02.935,163262,AM1V310 @334858,81758,4B880100,1004.27,
12/07/2021 16:32:03.414,163741,AM1V310 @334858,81821,63910100,1027.55,
12/07/2021 16:32:03.940,164267,AM1V310 @334858,81883,7C960100,1040.6,
12/07/2021 16:32:04.420,164747,AM1V310 @334858,81946,4C900100,1024.76,
12/07/2021 16:32:04.916,165243,AM1V310 @334858,82008,26880100,1003.9,
12/07/2021 16:32:05.424,165751,AM1V310 @334858,82071,8D8C0100,1015.17,
12/07/2021 16:32:05.920,166247,AM1V310 @334858,82133,72960100,1040.5,
12/07/2021 16:32:06.415,166742,AM1V310 @334858,82196,23940100,1034.59,
12/07/2021 16:32:06.925,167252,AM1V310 @334858,82258,52880100,1004.34,
12/07/2021 16:32:07.450,167777,AM1V310 @334858,82321,4C890100,1006.84,
12/07/2021 16:32:07.944,168271,AM1V310 @334858,82383,EF950100,1039.19,
12/07/2021 16:32:08.424,168751,AM1V310 @334858,82446,F9950100,1039.29,
12/07/2021 16:32:08.920,169247,AM1V310 @334858,82508,26890100,1006.46,
12/07/2021 16:32:09.413,169740,AM1V310 @334858,82571,398A0100,1009.21,
12/07/2021 16:32:09.925,170252,AM1V310 @334858,82633,E0950100,1039.04,
12/07/2021 16:32:10.418,170745,AM1V310 @334858,82696,B0900100,1025.76,
12/07/2021 16:32:10.929,171255,AM1V310 @334858,82758,47880100,1004.23,
12/07/2021 16:32:11.455,171782,AM1V310 @334858,82821,F38C0100,1016.19,
12/07/2021 16:32:11.935,172262,AM1V310 @334858,82883,78960100,1040.56,
12/07/2021 16:32:12.415,172742,AM1V310 @334858,82946,84900100,1025.32,
12/07/2021 16:32:12.924,173251,AM1V310 @334858,83008,5E880100,1004.46,
12/07/2021 16:32:13.418,173744,AM1V310 @334858,83071,8A8E0100,1020.26,
12/07/2021 16:32:13.915,174242,AM1V310 @334858,83133,70960100,1040.48,
12/07/2021 16:32:14.422,174749,AM1V310 @334858,83196,098F0100,1021.53,
12/07/2021 16:32:14.935,175262,AM1V310 @334858,83258,4B880100,1004.27,
12/07/2021 16:32:15.445,175772,AM1V310 @334858,83321,2D8D0100,1016.77,
12/07/2021 16:32:15.940,176267,AM1V310 @334858,83383,32960100,1039.86,
12/07/2021 16:32:16.420,176747,AM1V310 @334858,83446,E78D0100,1018.63,
12/07/2021 16:32:16.930,177256,AM1V310 @334858,83508,6A880100,1004.58,
12/07/2021 16:32:17.424,177751,AM1V310 @334858,83571,3A8F0100,1022.02,
12/07/2021 16:32:17.920,178247,AM1V310 @334858,83633,CB960100,1041.39,
12/07/2021 16:32:18.415,178742,AM1V310 @334858,83696,7B910100,1027.79,
12/07/2021 16:32:18.925,179252,AM1V310 @334858,83758,46880100,1004.22,
12/07/2021 16:32:19.450,179777,AM1V310 @334858,83821,178E0100,1019.11,
12/07/2021 16:32:19.930,180257,AM1V310 @334858,83883,91960100,1040.81,
12/07/2021 16:32:20.455,180782,AM1V310 @334858,83946,DD8E0100,1021.09,
12/07/2021 16:32:20.918,181244,AM1V310 @334858,84008,1E880100,1003.82,
12/07/2021 16:32:21.415,181741,AM1V310 @334858,84071,85880100,1004.85,
12/07/2021 16:32:21.925,182252,AM1V310 @334858,84133,F4880100,1005.96,
12/07/2021 16:32:22.420,182746,AM1V310 @334858,84196,46890100,1006.78,
