Log start on,2021-07-13 16:53:57
Feature,Pressure
Nodes,AM1V310 @334858, 
Date,HostTimestamp (ms),NodeName,NodeTimestamp,RawData,Pressure (mBar),
13/07/2021 16:53:57.123,91,AM1V310 @334858,158041,2E900100,1024.46,
13/07/2021 16:53:57.618,586,AM1V310 @334858,158103,2C900100,1024.44,
13/07/2021 16:53:58.114,1082,AM1V310 @334858,158166,2B900100,1024.43,
13/07/2021 16:53:58.610,1578,AM1V310 @334858,158228,51900100,1024.81,
13/07/2021 16:53:59.121,2088,AM1V310 @334858,158291,63A10100,1068.51,
13/07/2021 16:53:59.646,2614,AM1V310 @334858,158353,04A10100,1067.56,
13/07/2021 16:54:00.126,3094,AM1V310 @334858,158416,E89F0100,1064.72,
13/07/2021 16:54:00.651,3619,AM1V310 @334858,158478,089F0100,1062.48,
13/07/2021 16:54:01.115,4083,AM1V310 @334858,158541,969E0100,1061.34,
13/07/2021 16:54:01.610,4578,AM1V310 @334858,158603,3B9E0100,1060.43,
13/07/2021 16:54:02.121,5089,AM1V310 @334858,158666,D69D0100,1059.42,
13/07/2021 16:54:02.614,5582,AM1V310 @334858,158728,8E9D0100,1058.7,
13/07/2021 16:54:03.111,6079,AM1V310 @334858,158791,269D0100,1057.66,
13/07/2021 16:54:03.649,6617,AM1V310 @334858,158853,B1990100,1048.81,
13/07/2021 16:54:04.131,7098,AM1V310 @334858,158916,228B0100,1011.54,
13/07/2021 16:54:04.607,7575,AM1V310 @334858,158978,92900100,1025.46,
13/07/2021 16:54:05.136,8104,AM1V310 @334858,159041,009E0100,1059.84,
13/07/2021 16:54:05.615,8583,AM1V310 @334858,159103,039D0100,1057.31,
13/07/2021 16:54:06.111,9079,AM1V310 @334858,159166,8A9C0100,1056.1,
13/07/2021 16:54:06.618,9586,AM1V310 @334858,159228,259C0100,1055.09,
13/07/2021 16:54:07.113,10081,AM1V310 @334858,159291,BE9B0100,1054.06,
13/07/2021 16:54:07.609,10577,AM1V310 @334858,159353,7E9B0100,1053.42,
13/07/2021 16:54:08.137,11104,AM1V310 @334858,159416,1E9B0100,1052.46,
13/07/2021 16:54:08.615,11583,AM1V310 @334858,159478,D49A0100,1051.72,
13/07/2021 16:54:09.110,12078,AM1V310 @334858,159541,799A0100,1050.81,
13/07/2021 16:54:09.619,12587,AM1V310 @334858,159603,D5950100,1038.93,
13/07/2021 16:54:10.114,13082,AM1V310 @334858,159666,4D880100,1004.29,
13/07/2021 16:54:10.611,13579,AM1V310 @334858,159728,DC8D0100,1018.52,
13/07/2021 16:54:11.121,14089,AM1V310 @334858,159791,A59B0100,1053.81,
13/07/2021 16:54:11.616,14584,AM1V310 @334858,159853,A19A0100,1051.21,
13/07/2021 16:54:12.141,15109,AM1V310 @334858,159916,FD990100,1049.57,
13/07/2021 16:54:12.621,15589,AM1V310 @334858,159978,B1990100,1048.81,
13/07/2021 16:54:13.116,16084,AM1V310 @334858,160041,76990100,1048.22,
13/07/2021 16:54:13.608,16576,AM1V310 @334858,160103,4F990100,1047.83,
13/07/2021 16:54:14.120,17088,AM1V310 @334858,160166,0D990100,1047.17,
13/07/2021 16:54:14.615,17583,AM1V310 @334858,160228,E0980100,1046.72,
13/07/2021 16:54:15.111,18078,AM1V310 @334858,160291,98980100,1046.0,
13/07/2021 16:54:15.621,18589,AM1V310 @334858,160353,CF930100,1033.75,
13/07/2021 16:54:16.146,19114,AM1V310 @334858,160416,56860100,999.26,
13/07/2021 16:54:16.626,19594,AM1V310 @334858,160478,808C0100,1015.04,
13/07/2021 16:54:17.120,20088,AM1V310 @334858,160541,DB990100,1049.23,
13/07/2021 16:54:17.616,20584,AM1V310 @334858,160603,40990100,1047.68,
13/07/2021 16:54:18.111,21079,AM1V310 @334858,160666,BA980100,1046.34,
13/07/2021 16:54:18.622,21590,AM1V310 @334858,160728,78980100,1045.68,
13/07/2021 16:54:19.116,22084,AM1V310 @334858,160791,24980100,1044.84,
13/07/2021 16:54:19.611,22579,AM1V310 @334858,160853,EF970100,1044.31,
13/07/2021 16:54:20.121,23089,AM1V310 @334858,160916,BA970100,1043.78,
13/07/2021 16:54:20.646,23614,AM1V310 @334858,160978,87970100,1043.27,
13/07/2021 16:54:21.126,24094,AM1V310 @334858,161041,4F970100,1042.71,
13/07/2021 16:54:21.621,24588,AM1V310 @334858,161103,71950100,1037.93,
13/07/2021 16:54:22.115,25083,AM1V310 @334858,161166,53850100,996.67,
13/07/2021 16:54:22.608,25576,AM1V310 @334858,161228,13880100,1003.71,
13/07/2021 16:54:23.121,26089,AM1V310 @334858,161291,18980100,1044.72,
13/07/2021 16:54:23.616,26584,AM1V310 @334858,161353,9F970100,1043.51,
13/07/2021 16:54:24.141,27109,AM1V310 @334858,161416,2E970100,1042.38,
13/07/2021 16:54:24.621,27589,AM1V310 @334858,161478,DE960100,1041.58,
13/07/2021 16:54:25.116,28084,AM1V310 @334858,161541,AB960100,1041.07,
13/07/2021 16:54:25.611,28578,AM1V310 @334858,161603,7D960100,1040.61,
13/07/2021 16:54:26.121,29089,AM1V310 @334858,161666,46960100,1040.06,
13/07/2021 16:54:26.617,29585,AM1V310 @334858,161728,23960100,1039.71,
13/07/2021 16:54:27.111,30079,AM1V310 @334858,161791,F8950100,1039.28,
13/07/2021 16:54:27.620,30588,AM1V310 @334858,161853,4E950100,1037.58,
13/07/2021 16:54:28.116,31084,AM1V310 @334858,161916,62850100,996.82,
13/07/2021 16:54:28.640,31608,AM1V310 @334858,161978,68850100,996.88,
13/07/2021 16:54:29.121,32089,AM1V310 @334858,162041,ED960100,1041.73,
13/07/2021 16:54:29.615,32583,AM1V310 @334858,162103,78960100,1040.56,
13/07/2021 16:54:30.110,33078,AM1V310 @334858,162166,FB950100,1039.31,
13/07/2021 16:54:30.620,33588,AM1V310 @334858,162228,AE950100,1038.54,
13/07/2021 16:54:31.116,34084,AM1V310 @334858,162291,79950100,1038.01,
13/07/2021 16:54:31.611,34578,AM1V310 @334858,162353,4C950100,1037.56,
13/07/2021 16:54:32.136,35104,AM1V310 @334858,162416,10950100,1036.96,
13/07/2021 16:54:32.616,35584,AM1V310 @334858,162478,00950100,1036.8,
13/07/2021 16:54:33.110,36078,AM1V310 @334858,162541,D1940100,1036.33,
13/07/2021 16:54:33.621,36588,AM1V310 @334858,162603,95930100,1033.17,
13/07/2021 16:54:34.114,37082,AM1V310 @334858,162666,49830100,991.45,
13/07/2021 16:54:34.608,37576,AM1V310 @334858,162728,FE850100,998.38,
13/07/2021 16:54:35.120,38088,AM1V310 @334858,162791,0E960100,1039.5,
13/07/2021 16:54:35.617,38585,AM1V310 @334858,162853,5F950100,1037.75,
13/07/2021 16:54:36.125,39093,AM1V310 @334858,162916,F8940100,1036.72,
13/07/2021 16:54:36.650,39618,AM1V310 @334858,162978,C2940100,1036.18,
13/07/2021 16:54:37.116,40084,AM1V310 @334858,163041,A1940100,1035.85,
13/07/2021 16:54:37.610,40578,AM1V310 @334858,163103,77940100,1035.43,
13/07/2021 16:54:38.121,41088,AM1V310 @334858,163166,65940100,1035.25,
13/07/2021 16:54:38.617,41585,AM1V310 @334858,163228,34940100,1034.76,
13/07/2021 16:54:39.111,42078,AM1V310 @334858,163291,05940100,1034.29,
13/07/2021 16:54:39.621,42589,AM1V310 @334858,163353,8F930100,1033.11,
13/07/2021 16:54:40.116,43084,AM1V310 @334858,163416,11840100,993.45,
13/07/2021 16:54:40.641,43609,AM1V310 @334858,163478,F9820100,990.65,
13/07/2021 16:54:41.121,44088,AM1V310 @334858,163541,F4940100,1036.68,
13/07/2021 16:54:41.616,44583,AM1V310 @334858,163603,9A940100,1035.78,
13/07/2021 16:54:42.111,45079,AM1V310 @334858,163666,52940100,1035.06,
13/07/2021 16:54:42.605,45573,AM1V310 @334858,163728,0E940100,1034.38,
13/07/2021 16:54:43.116,46084,AM1V310 @334858,163791,E4930100,1033.96,
13/07/2021 16:54:43.611,46579,AM1V310 @334858,163853,B4930100,1033.48,
13/07/2021 16:54:44.106,47074,AM1V310 @334858,163916,98930100,1033.2,
13/07/2021 16:54:44.646,47614,AM1V310 @334858,163978,75930100,1032.85,
13/07/2021 16:54:45.126,48094,AM1V310 @334858,164041,58930100,1032.56,
13/07/2021 16:54:45.605,48573,AM1V310 @334858,164103,39920100,1029.69,
13/07/2021 16:54:46.115,49083,AM1V310 @334858,164166,F2820100,990.58,
13/07/2021 16:54:46.611,49578,AM1V310 @334858,164228,48810100,986.32,
13/07/2021 16:54:47.106,50074,AM1V310 @334858,164291,47940100,1034.95,
13/07/2021 16:54:47.615,50583,AM1V310 @334858,164353,8C930100,1033.08,
13/07/2021 16:54:48.111,51079,AM1V310 @334858,164416,5C930100,1032.6,
13/07/2021 16:54:48.606,51574,AM1V310 @334858,164478,24930100,1032.04,
13/07/2021 16:54:49.131,52099,AM1V310 @334858,164541,15930100,1031.89,
13/07/2021 16:54:49.610,52578,AM1V310 @334858,164603,FB920100,1031.63,
13/07/2021 16:54:50.105,53073,AM1V310 @334858,164666,F1920100,1031.53,
13/07/2021 16:54:50.616,53584,AM1V310 @334858,164728,E6920100,1031.42,
13/07/2021 16:54:51.111,54079,AM1V310 @334858,164791,B9920100,1030.97,
13/07/2021 16:54:51.605,54573,AM1V310 @334858,164853,60920100,1030.08,
13/07/2021 16:54:52.116,55084,AM1V310 @334858,164916,3A850100,996.42,
13/07/2021 16:54:52.611,55578,AM1V310 @334858,164978,8A830100,992.1,
13/07/2021 16:54:53.136,56104,AM1V310 @334858,165041,1F940100,1034.55,
13/07/2021 16:54:53.614,56582,AM1V310 @334858,165103,86930100,1033.02,
13/07/2021 16:54:54.126,57094,AM1V310 @334858,165166,1B930100,1031.95,
13/07/2021 16:54:54.620,57588,AM1V310 @334858,165228,E9920100,1031.45,
13/07/2021 16:54:55.116,58084,AM1V310 @334858,165291,C2920100,1031.06,
13/07/2021 16:54:55.611,58578,AM1V310 @334858,165353,A9920100,1030.81,
13/07/2021 16:54:56.105,59073,AM1V310 @334858,165416,AA920100,1030.82,
13/07/2021 16:54:56.616,59584,AM1V310 @334858,165478,9E920100,1030.7,
13/07/2021 16:54:57.139,60107,AM1V310 @334858,165541,74920100,1030.28,
13/07/2021 16:54:57.621,60589,AM1V310 @334858,165603,ED910100,1028.93,
13/07/2021 16:54:58.116,61084,AM1V310 @334858,165666,77840100,994.47,
13/07/2021 16:54:58.610,61578,AM1V310 @334858,165728,F0800100,985.44,
13/07/2021 16:54:59.105,62073,AM1V310 @334858,165791,48930100,1032.4,
13/07/2021 16:54:59.616,62584,AM1V310 @334858,165853,7C930100,1032.92,
13/07/2021 16:55:00.108,63076,AM1V310 @334858,165916,2D930100,1032.13,
13/07/2021 16:55:00.605,63573,AM1V310 @334858,165978,01930100,1031.69,
13/07/2021 16:55:01.131,64099,AM1V310 @334858,166041,DA920100,1031.3,
13/07/2021 16:55:01.608,64576,AM1V310 @334858,166103,E4920100,1031.4,
13/07/2021 16:55:02.106,65074,AM1V310 @334858,166166,E3920100,1031.39,
13/07/2021 16:55:02.615,65583,AM1V310 @334858,166228,B0920100,1030.88,
13/07/2021 16:55:03.110,66078,AM1V310 @334858,166291,93920100,1030.59,
13/07/2021 16:55:03.604,66572,AM1V310 @334858,166353,21920100,1029.45,
13/07/2021 16:55:04.116,67084,AM1V310 @334858,166416,63850100,996.83,
13/07/2021 16:55:04.607,67575,AM1V310 @334858,166478,2E800100,983.5,
13/07/2021 16:55:05.118,68086,AM1V310 @334858,166541,96910100,1028.06,
13/07/2021 16:55:05.643,68611,AM1V310 @334858,166603,8E930100,1033.1,
13/07/2021 16:55:06.106,69074,AM1V310 @334858,166666,19930100,1031.93,
13/07/2021 16:55:06.602,69570,AM1V310 @334858,166728,EF920100,1031.51,
13/07/2021 16:55:07.113,70081,AM1V310 @334858,166791,D0920100,1031.2,
13/07/2021 16:55:07.608,70576,AM1V310 @334858,166853,AD920100,1030.85,
13/07/2021 16:55:08.117,71085,AM1V310 @334858,166916,9B920100,1030.67,
13/07/2021 16:55:08.613,71581,AM1V310 @334858,166978,7B920100,1030.35,
13/07/2021 16:55:09.108,72076,AM1V310 @334858,167041,72920100,1030.26,
13/07/2021 16:55:09.633,72601,AM1V310 @334858,167103,59920100,1030.01,
13/07/2021 16:55:10.113,73081,AM1V310 @334858,167166,BF8B0100,1013.11,
13/07/2021 16:55:10.608,73576,AM1V310 @334858,167228,FF7F0100,983.03,
13/07/2021 16:55:11.103,74071,AM1V310 @334858,167291,B88C0100,1015.6,
13/07/2021 16:55:11.613,74580,AM1V310 @334858,167353,99930100,1033.21,
13/07/2021 16:55:12.108,75076,AM1V310 @334858,167416,0D930100,1031.81,
13/07/2021 16:55:12.603,75571,AM1V310 @334858,167478,B9920100,1030.97,
13/07/2021 16:55:13.144,76112,AM1V310 @334858,167541,D0920100,1031.2,
13/07/2021 16:55:13.623,76591,AM1V310 @334858,167603,C4920100,1031.08,
13/07/2021 16:55:14.103,77071,AM1V310 @334858,167666,9F920100,1030.71,
13/07/2021 16:55:14.612,77580,AM1V310 @334858,167728,8C920100,1030.52,
13/07/2021 16:55:15.108,78076,AM1V310 @334858,167791,7C920100,1030.36,
13/07/2021 16:55:15.602,78570,AM1V310 @334858,167853,5A920100,1030.02,
13/07/2021 16:55:16.128,79096,AM1V310 @334858,167916,DC890100,1008.28,
13/07/2021 16:55:16.607,79575,AM1V310 @334858,167978,D77F0100,982.63,
13/07/2021 16:55:17.133,80101,AM1V310 @334858,168041,DC8E0100,1021.08,
13/07/2021 16:55:17.614,80582,AM1V310 @334858,168103,C4920100,1031.08,
13/07/2021 16:55:18.109,81077,AM1V310 @334858,168166,FF910100,1029.11,
13/07/2021 16:55:18.605,81573,AM1V310 @334858,168228,E5910100,1028.85,
13/07/2021 16:55:19.115,82083,AM1V310 @334858,168291,EB910100,1028.91,
13/07/2021 16:55:19.611,82579,AM1V310 @334858,168353,E1910100,1028.81,
13/07/2021 16:55:20.105,83073,AM1V310 @334858,168416,C8910100,1028.56,
13/07/2021 16:55:20.615,83583,AM1V310 @334858,168478,D5910100,1028.69,
13/07/2021 16:55:21.110,84078,AM1V310 @334858,168541,EA910100,1028.9,
13/07/2021 16:55:21.621,84589,AM1V310 @334858,168603,D1910100,1028.65,
13/07/2021 16:55:22.145,85113,AM1V310 @334858,168666,2E870100,1001.42,
13/07/2021 16:55:22.610,85578,AM1V310 @334858,168728,B27F0100,982.26,
13/07/2021 16:55:23.105,86073,AM1V310 @334858,168791,5F910100,1027.51,
13/07/2021 16:55:23.616,86584,AM1V310 @334858,168853,02930100,1031.7,
13/07/2021 16:55:24.125,87093,AM1V310 @334858,168916,72920100,1030.26,
13/07/2021 16:55:24.604,87571,AM1V310 @334858,168978,20920100,1029.44,
13/07/2021 16:55:25.116,88084,AM1V310 @334858,169041,0F920100,1029.27,
13/07/2021 16:55:25.640,88608,AM1V310 @334858,169103,F7910100,1029.03,
13/07/2021 16:55:26.106,89074,AM1V310 @334858,169166,F7910100,1029.03,
13/07/2021 16:55:26.616,89584,AM1V310 @334858,169228,E6910100,1028.86,
13/07/2021 16:55:27.110,90078,AM1V310 @334858,169291,17920100,1029.35,
13/07/2021 16:55:27.605,90573,AM1V310 @334858,169353,FA910100,1029.06,
13/07/2021 16:55:28.101,91069,AM1V310 @334858,169416,35890100,1006.61,
13/07/2021 16:55:28.611,91578,AM1V310 @334858,169478,D17F0100,982.57,
13/07/2021 16:55:29.105,92073,AM1V310 @334858,169541,5D8A0100,1009.57,
13/07/2021 16:55:29.601,92569,AM1V310 @334858,169603,34930100,1032.2,
13/07/2021 16:55:30.126,93094,AM1V310 @334858,169666,DB920100,1031.31,
13/07/2021 16:55:30.621,93589,AM1V310 @334858,169728,A5920100,1030.77,
13/07/2021 16:55:31.100,94068,AM1V310 @334858,169791,85920100,1030.45,
13/07/2021 16:55:31.610,94578,AM1V310 @334858,169853,6F920100,1030.23,
13/07/2021 16:55:32.105,95073,AM1V310 @334858,169916,62920100,1030.1,
13/07/2021 16:55:32.598,95566,AM1V310 @334858,169978,5E920100,1030.06,
13/07/2021 16:55:33.110,96078,AM1V310 @334858,170041,4A920100,1029.86,
13/07/2021 16:55:33.635,96603,AM1V310 @334858,170103,1A920100,1029.38,
13/07/2021 16:55:34.115,97083,AM1V310 @334858,170166,B78C0100,1015.59,
13/07/2021 16:55:34.611,97579,AM1V310 @334858,170228,1E800100,983.34,
13/07/2021 16:55:35.105,98073,AM1V310 @334858,170291,6D8A0100,1009.73,
13/07/2021 16:55:35.600,98568,AM1V310 @334858,170353,03930100,1031.71,
13/07/2021 16:55:36.110,99078,AM1V310 @334858,170416,0C930100,1031.8,
13/07/2021 16:55:36.605,99573,AM1V310 @334858,170478,C2920100,1031.06,
13/07/2021 16:55:37.101,100068,AM1V310 @334858,170541,99920100,1030.65,
13/07/2021 16:55:37.640,100608,AM1V310 @334858,170603,74920100,1030.28,
13/07/2021 16:55:38.121,101089,AM1V310 @334858,170666,5B920100,1030.03,
13/07/2021 16:55:38.600,101568,AM1V310 @334858,170728,48920100,1029.84,
13/07/2021 16:55:39.110,102078,AM1V310 @334858,170791,2C920100,1029.56,
13/07/2021 16:55:39.604,102572,AM1V310 @334858,170853,17920100,1029.35,
13/07/2021 16:55:40.104,103072,AM1V310 @334858,170916,148F0100,1021.64,
13/07/2021 16:55:40.610,103578,AM1V310 @334858,170978,7D800100,984.29,
13/07/2021 16:55:41.106,104073,AM1V310 @334858,171041,E1860100,1000.65,
13/07/2021 16:55:41.600,104568,AM1V310 @334858,171103,4A930100,1032.42,
13/07/2021 16:55:42.125,105093,AM1V310 @334858,171166,04930100,1031.72,
13/07/2021 16:55:42.605,105573,AM1V310 @334858,171228,AA920100,1030.82,
13/07/2021 16:55:43.100,106068,AM1V310 @334858,171291,83920100,1030.43,
13/07/2021 16:55:43.610,106578,AM1V310 @334858,171353,61920100,1030.09,
13/07/2021 16:55:44.105,107073,AM1V310 @334858,171416,4E920100,1029.9,
13/07/2021 16:55:44.600,107568,AM1V310 @334858,171478,35920100,1029.65,
13/07/2021 16:55:45.111,108079,AM1V310 @334858,171541,1C920100,1029.4,
13/07/2021 16:55:45.605,108573,AM1V310 @334858,171603,0D920100,1029.25,
13/07/2021 16:55:46.131,109099,AM1V310 @334858,171666,87910100,1027.91,
13/07/2021 16:55:46.610,109578,AM1V310 @334858,171728,97820100,989.67,
13/07/2021 16:55:47.106,110073,AM1V310 @334858,171791,69810100,986.65,
13/07/2021 16:55:47.600,110568,AM1V310 @334858,171853,CE920100,1031.18,
13/07/2021 16:55:48.110,111078,AM1V310 @334858,171916,BA920100,1030.98,
13/07/2021 16:55:48.606,111574,AM1V310 @334858,171978,90920100,1030.56,
13/07/2021 16:55:49.101,112069,AM1V310 @334858,172041,62920100,1030.1,
13/07/2021 16:55:49.609,112577,AM1V310 @334858,172103,3D920100,1029.73,
13/07/2021 16:55:50.121,113089,AM1V310 @334858,172166,2C920100,1029.56,
13/07/2021 16:55:50.600,113568,AM1V310 @334858,172228,16920100,1029.34,
13/07/2021 16:55:51.111,114078,AM1V310 @334858,172291,0D920100,1029.25,
13/07/2021 16:55:51.605,114573,AM1V310 @334858,172353,EE910100,1028.94,
13/07/2021 16:55:52.100,115068,AM1V310 @334858,172416,EC900100,1026.36,
13/07/2021 16:55:52.611,115578,AM1V310 @334858,172478,95810100,987.09,
13/07/2021 16:55:53.106,116073,AM1V310 @334858,172541,31840100,993.77,
13/07/2021 16:55:53.600,116568,AM1V310 @334858,172603,98920100,1030.64,
13/07/2021 16:55:54.111,117079,AM1V310 @334858,172666,39920100,1029.69,
13/07/2021 16:55:54.636,117604,AM1V310 @334858,172728,E8910100,1028.88,
13/07/2021 16:55:55.115,118083,AM1V310 @334858,172791,E8910100,1028.88,
13/07/2021 16:55:55.610,118578,AM1V310 @334858,172853,B7910100,1028.39,
13/07/2021 16:55:56.103,119071,AM1V310 @334858,172916,A7910100,1028.23,
13/07/2021 16:55:56.600,119568,AM1V310 @334858,172978,AE910100,1028.3,
13/07/2021 16:55:57.110,120078,AM1V310 @334858,173041,9E910100,1028.14,
13/07/2021 16:55:57.605,120573,AM1V310 @334858,173103,7D910100,1027.81,
13/07/2021 16:55:58.116,121083,AM1V310 @334858,173166,108E0100,1019.04,
13/07/2021 16:55:58.641,121609,AM1V310 @334858,173228,07810100,985.67,
13/07/2021 16:55:59.105,122073,AM1V310 @334858,173291,83830100,992.03,
13/07/2021 16:55:59.601,122569,AM1V310 @334858,173353,64930100,1032.68,
13/07/2021 16:56:00.111,123079,AM1V310 @334858,173416,71930100,1032.81,
13/07/2021 16:56:00.605,123573,AM1V310 @334858,173478,23930100,1032.03,
13/07/2021 16:56:01.098,124066,AM1V310 @334858,173541,E9920100,1031.45,
13/07/2021 16:56:01.611,124579,AM1V310 @334858,173603,C1920100,1031.05,
13/07/2021 16:56:02.121,125089,AM1V310 @334858,173666,AE920100,1030.86,
13/07/2021 16:56:02.600,125568,AM1V310 @334858,173728,9B920100,1030.67,
13/07/2021 16:56:03.110,126078,AM1V310 @334858,173791,81920100,1030.41,
13/07/2021 16:56:03.606,126574,AM1V310 @334858,173853,62920100,1030.1,
13/07/2021 16:56:04.100,127068,AM1V310 @334858,173916,22920100,1029.46,
13/07/2021 16:56:04.610,127578,AM1V310 @334858,173978,04860100,998.44,
13/07/2021 16:56:05.103,128071,AM1V310 @334858,174041,9D7F0100,982.05,
13/07/2021 16:56:05.600,128568,AM1V310 @334858,174103,2E920100,1029.58,
13/07/2021 16:56:06.123,129091,AM1V310 @334858,174166,E6920100,1031.42,
13/07/2021 16:56:06.605,129573,AM1V310 @334858,174228,9C920100,1030.68,
13/07/2021 16:56:07.098,130066,AM1V310 @334858,174291,6E920100,1030.22,
13/07/2021 16:56:07.611,130579,AM1V310 @334858,174353,51920100,1029.93,
13/07/2021 16:56:08.104,131072,AM1V310 @334858,174416,38920100,1029.68,
13/07/2021 16:56:08.598,131566,AM1V310 @334858,174478,23920100,1029.47,
13/07/2021 16:56:09.111,132078,AM1V310 @334858,174541,09920100,1029.21,
13/07/2021 16:56:09.605,132573,AM1V310 @334858,174603,FC910100,1029.08,
13/07/2021 16:56:10.099,133066,AM1V310 @334858,174666,E0910100,1028.8,
13/07/2021 16:56:10.609,133577,AM1V310 @334858,174728,91870100,1002.41,
13/07/2021 16:56:11.133,134101,AM1V310 @334858,174791,437F0100,981.15,
13/07/2021 16:56:11.601,134569,AM1V310 @334858,174853,68910100,1027.6,
13/07/2021 16:56:12.111,135079,AM1V310 @334858,174916,A9920100,1030.81,
13/07/2021 16:56:12.605,135573,AM1V310 @334858,174978,58920100,1030.0,
13/07/2021 16:56:13.100,136068,AM1V310 @334858,175041,1D920100,1029.41,
13/07/2021 16:56:13.596,136564,AM1V310 @334858,175103,10920100,1029.28,
13/07/2021 16:56:14.106,137073,AM1V310 @334858,175166,EA910100,1028.9,
13/07/2021 16:56:14.614,137582,AM1V310 @334858,175228,D4910100,1028.68,
13/07/2021 16:56:15.093,138061,AM1V310 @334858,175291,B9910100,1028.41,
13/07/2021 16:56:15.605,138573,AM1V310 @334858,175353,A6910100,1028.22,
13/07/2021 16:56:16.101,139069,AM1V310 @334858,175416,87910100,1027.91,
13/07/2021 16:56:16.596,139563,AM1V310 @334858,175478,F3870100,1003.39,
13/07/2021 16:56:17.105,140073,AM1V310 @334858,175541,987F0100,982.0,
13/07/2021 16:56:17.600,140568,AM1V310 @334858,175603,BB910100,1028.43,
13/07/2021 16:56:18.096,141063,AM1V310 @334858,175666,F2920100,1031.54,
13/07/2021 16:56:18.605,141573,AM1V310 @334858,175728,A3920100,1030.75,
13/07/2021 16:56:19.131,142098,AM1V310 @334858,175791,7A920100,1030.34,
13/07/2021 16:56:19.596,142564,AM1V310 @334858,175853,6A920100,1030.18,
13/07/2021 16:56:20.105,143073,AM1V310 @334858,175916,65920100,1030.13,
13/07/2021 16:56:20.600,143568,AM1V310 @334858,175978,4D920100,1029.89,
13/07/2021 16:56:21.095,144063,AM1V310 @334858,176041,1C920100,1029.4,
13/07/2021 16:56:21.603,144571,AM1V310 @334858,176103,1C920100,1029.4,
13/07/2021 16:56:22.100,145068,AM1V310 @334858,176166,FA910100,1029.06,
13/07/2021 16:56:22.595,145563,AM1V310 @334858,176228,EA880100,1005.86,
13/07/2021 16:56:23.120,146088,AM1V310 @334858,176291,3D7F0100,981.09,
13/07/2021 16:56:23.600,146568,AM1V310 @334858,176353,D38F0100,1023.55,
13/07/2021 16:56:24.096,147064,AM1V310 @334858,176416,FD920100,1031.65,
13/07/2021 16:56:24.603,147571,AM1V310 @334858,176478,A9920100,1030.81,
13/07/2021 16:56:25.100,148068,AM1V310 @334858,176541,6A920100,1030.18,
13/07/2021 16:56:25.596,148564,AM1V310 @334858,176603,54920100,1029.96,
13/07/2021 16:56:26.105,149073,AM1V310 @334858,176666,35920100,1029.65,
13/07/2021 16:56:26.600,149568,AM1V310 @334858,176728,17920100,1029.35,
13/07/2021 16:56:27.125,150093,AM1V310 @334858,176791,08920100,1029.2,
13/07/2021 16:56:27.606,150574,AM1V310 @334858,176853,06920100,1029.18,
13/07/2021 16:56:28.101,151069,AM1V310 @334858,176916,E5910100,1028.85,
13/07/2021 16:56:28.595,151563,AM1V310 @334858,176978,A1880100,1005.13,
13/07/2021 16:56:29.120,152088,AM1V310 @334858,177041,477F0100,981.19,
13/07/2021 16:56:29.601,152569,AM1V310 @334858,177103,CA8F0100,1023.46,
13/07/2021 16:56:30.096,153063,AM1V310 @334858,177166,1D930100,1031.97,
13/07/2021 16:56:30.605,153573,AM1V310 @334858,177228,B2920100,1030.9,
13/07/2021 16:56:31.100,154068,AM1V310 @334858,177291,63920100,1030.11,
13/07/2021 16:56:31.625,154593,AM1V310 @334858,177353,44920100,1029.8,
13/07/2021 16:56:32.106,155073,AM1V310 @334858,177416,1E920100,1029.42,
13/07/2021 16:56:32.601,155569,AM1V310 @334858,177478,0A920100,1029.22,
13/07/2021 16:56:33.096,156063,AM1V310 @334858,177541,F7910100,1029.03,
13/07/2021 16:56:33.606,156574,AM1V310 @334858,177603,F1910100,1028.97,
13/07/2021 16:56:34.101,157069,AM1V310 @334858,177666,C8910100,1028.56,
13/07/2021 16:56:34.595,157563,AM1V310 @334858,177728,C3890100,1008.03,
13/07/2021 16:56:35.135,158103,AM1V310 @334858,177791,3D7F0100,981.09,
13/07/2021 16:56:35.615,158583,AM1V310 @334858,177853,4C8E0100,1019.64,
13/07/2021 16:56:36.095,159063,AM1V310 @334858,177916,31930100,1032.17,
13/07/2021 16:56:36.605,159573,AM1V310 @334858,177978,C6920100,1031.1,
13/07/2021 16:56:37.100,160068,AM1V310 @334858,178041,87920100,1030.47,
13/07/2021 16:56:37.594,160562,AM1V310 @334858,178103,6B920100,1030.19,
13/07/2021 16:56:38.106,161074,AM1V310 @334858,178166,4E920100,1029.9,
13/07/2021 16:56:38.600,161568,AM1V310 @334858,178228,3A920100,1029.7,
13/07/2021 16:56:39.125,162093,AM1V310 @334858,178291,2C920100,1029.56,
13/07/2021 16:56:39.605,162573,AM1V310 @334858,178353,1E920100,1029.42,
13/07/2021 16:56:40.100,163068,AM1V310 @334858,178416,F8910100,1029.04,
13/07/2021 16:56:40.611,163579,AM1V310 @334858,178478,FB8A0100,1011.15,
13/07/2021 16:56:41.120,164088,AM1V310 @334858,178541,447F0100,981.16,
13/07/2021 16:56:41.601,164569,AM1V310 @334858,178603,F58C0100,1016.21,
13/07/2021 16:56:42.093,165061,AM1V310 @334858,178666,5B930100,1032.59,
13/07/2021 16:56:42.605,165573,AM1V310 @334858,178728,F2920100,1031.54,
13/07/2021 16:56:43.101,166069,AM1V310 @334858,178791,7F920100,1030.39,
13/07/2021 16:56:43.625,166593,AM1V310 @334858,178853,36920100,1029.66,
13/07/2021 16:56:44.105,167073,AM1V310 @334858,178916,21920100,1029.45,
13/07/2021 16:56:44.600,167568,AM1V310 @334858,178978,1A920100,1029.38,
13/07/2021 16:56:45.095,168063,AM1V310 @334858,179041,07920100,1029.19,
13/07/2021 16:56:45.606,168573,AM1V310 @334858,179103,FF910100,1029.11,
13/07/2021 16:56:46.101,169069,AM1V310 @334858,179166,C7910100,1028.55,
13/07/2021 16:56:46.595,169563,AM1V310 @334858,179228,228B0100,1011.54,
13/07/2021 16:56:47.121,170089,AM1V310 @334858,179291,5B7F0100,981.39,
13/07/2021 16:56:47.616,170583,AM1V310 @334858,179353,83870100,1002.27,
13/07/2021 16:56:48.095,171063,AM1V310 @334858,179416,63930100,1032.67,
13/07/2021 16:56:48.605,171573,AM1V310 @334858,179478,F4920100,1031.56,
13/07/2021 16:56:49.100,172068,AM1V310 @334858,179541,A8920100,1030.8,
13/07/2021 16:56:49.595,172563,AM1V310 @334858,179603,8D920100,1030.53,
13/07/2021 16:56:50.106,173073,AM1V310 @334858,179666,66920100,1030.14,
13/07/2021 16:56:50.601,173568,AM1V310 @334858,179728,47920100,1029.83,
13/07/2021 16:56:51.095,174063,AM1V310 @334858,179791,34920100,1029.64,
13/07/2021 16:56:51.605,174573,AM1V310 @334858,179853,3C920100,1029.72,
13/07/2021 16:56:52.130,175098,AM1V310 @334858,179916,1A920100,1029.38,
13/07/2021 16:56:52.596,175564,AM1V310 @334858,179978,E28C0100,1016.02,
13/07/2021 16:56:53.106,176074,AM1V310 @334858,180041,A2800100,984.66,
13/07/2021 16:56:53.600,176568,AM1V310 @334858,180103,038D0100,1016.35,
13/07/2021 16:56:54.096,177064,AM1V310 @334858,180166,86930100,1033.02,
13/07/2021 16:56:54.605,177573,AM1V310 @334858,180228,10930100,1031.84,
13/07/2021 16:56:55.100,178068,AM1V310 @334858,180291,C0920100,1031.04,
13/07/2021 16:56:55.610,178578,AM1V310 @334858,180353,93920100,1030.59,
13/07/2021 16:56:56.135,179103,AM1V310 @334858,180416,8F920100,1030.55,
13/07/2021 16:56:56.615,179583,AM1V310 @334858,180478,76920100,1030.3,
13/07/2021 16:56:57.094,180062,AM1V310 @334858,180541,5E920100,1030.06,
13/07/2021 16:56:57.590,180558,AM1V310 @334858,180603,5C920100,1030.04,
13/07/2021 16:56:58.113,181081,AM1V310 @334858,180666,42920100,1029.78,
13/07/2021 16:56:58.595,181563,AM1V310 @334858,180728,35920100,1029.65,
13/07/2021 16:56:59.090,182058,AM1V310 @334858,180791,24920100,1029.48,
13/07/2021 16:56:59.599,182567,AM1V310 @334858,180853,B78E0100,1020.71,
13/07/2021 16:57:00.125,183093,AM1V310 @334858,180916,91820100,989.61,
13/07/2021 16:57:00.590,183558,AM1V310 @334858,180978,BF7E0100,979.83,
13/07/2021 16:57:01.130,184098,AM1V310 @334858,181041,9B7F0100,982.03,
13/07/2021 16:57:01.595,184563,AM1V310 @334858,181103,61800100,984.01,
13/07/2021 16:57:02.090,185058,AM1V310 @334858,181166,00810100,985.6,
13/07/2021 16:57:02.597,185565,AM1V310 @334858,181228,81810100,986.89,
13/07/2021 16:57:03.093,186061,AM1V310 @334858,181291,F9810100,988.09,
