Log start on,2021-07-13 09:45:51
Feature,Pressure
Nodes,AM1V310 @334858, 
Date,HostTimestamp (ms),NodeName,NodeTimestamp,RawData,Pressure (mBar),
13/07/2021 09:45:51.324,102,AM1V310 @334858,131459,5E900100,1024.94,
13/07/2021 09:45:51.820,598,AM1V310 @334858,131521,5E900100,1024.94,
13/07/2021 09:45:52.315,1093,AM1V310 @334858,131584,5D900100,1024.93,
13/07/2021 09:45:52.827,1605,AM1V310 @334858,131646,60900100,1024.96,
13/07/2021 09:45:53.350,2128,AM1V310 @334858,131709,62900100,1024.98,
13/07/2021 09:45:53.830,2608,AM1V310 @334858,131771,64900100,1025.0,
13/07/2021 09:45:54.311,3089,AM1V310 @334858,131834,C6900100,1025.98,
13/07/2021 09:45:54.822,3600,AM1V310 @334858,131896,9D900100,1025.57,
13/07/2021 09:45:55.317,4095,AM1V310 @334858,131959,4F900100,1024.79,
13/07/2021 09:45:55.813,4591,AM1V310 @334858,132021,91900100,1025.45,
13/07/2021 09:45:56.322,5100,AM1V310 @334858,132084,A7910100,1028.23,
13/07/2021 09:45:56.817,5595,AM1V310 @334858,132146,48910100,1027.28,
13/07/2021 09:45:57.327,6105,AM1V310 @334858,132209,2A900100,1024.42,
13/07/2021 09:45:57.852,6630,AM1V310 @334858,132271,58900100,1024.88,
13/07/2021 09:45:58.316,7094,AM1V310 @334858,132334,C4910100,1028.52,
13/07/2021 09:45:58.827,7605,AM1V310 @334858,132396,39920100,1029.69,
13/07/2021 09:45:59.321,8099,AM1V310 @334858,132459,2A900100,1024.42,
13/07/2021 09:45:59.815,8593,AM1V310 @334858,132521,51900100,1024.81,
13/07/2021 09:46:00.312,9090,AM1V310 @334858,132584,69910100,1027.61,
13/07/2021 09:46:00.835,9613,AM1V310 @334858,132646,C4910100,1028.52,
13/07/2021 09:46:01.318,10095,AM1V310 @334858,132709,02900100,1024.02,
13/07/2021 09:46:01.843,10621,AM1V310 @334858,132771,1F900100,1024.31,
13/07/2021 09:46:02.321,11098,AM1V310 @334858,132834,DD910100,1028.77,
13/07/2021 09:46:02.817,11595,AM1V310 @334858,132896,F3900100,1026.43,
13/07/2021 09:46:03.312,12090,AM1V310 @334858,132959,F68F0100,1023.9,
13/07/2021 09:46:03.822,12600,AM1V310 @334858,133021,54900100,1024.84,
13/07/2021 09:46:04.318,13096,AM1V310 @334858,133084,C3910100,1028.51,
13/07/2021 09:46:04.812,13589,AM1V310 @334858,133146,9F910100,1028.15,
13/07/2021 09:46:05.339,14116,AM1V310 @334858,133209,F08F0100,1023.84,
13/07/2021 09:46:05.818,14595,AM1V310 @334858,133271,22900100,1024.34,
13/07/2021 09:46:06.309,15087,AM1V310 @334858,133334,BA910100,1028.42,
13/07/2021 09:46:06.822,15600,AM1V310 @334858,133396,1F920100,1029.43,
13/07/2021 09:46:07.317,16095,AM1V310 @334858,133459,D58F0100,1023.57,
13/07/2021 09:46:07.812,16590,AM1V310 @334858,133521,1B900100,1024.27,
13/07/2021 09:46:08.322,17100,AM1V310 @334858,133584,9D910100,1028.13,
13/07/2021 09:46:08.832,17610,AM1V310 @334858,133646,96910100,1028.06,
13/07/2021 09:46:09.313,18090,AM1V310 @334858,133709,3A900100,1024.58,
13/07/2021 09:46:09.837,18615,AM1V310 @334858,133771,CE8F0100,1023.5,
13/07/2021 09:46:10.317,19095,AM1V310 @334858,133834,FD900100,1026.53,
13/07/2021 09:46:10.812,19590,AM1V310 @334858,133896,60910100,1027.52,
13/07/2021 09:46:11.322,20100,AM1V310 @334858,133959,EB8F0100,1023.79,
13/07/2021 09:46:11.817,20595,AM1V310 @334858,134021,C48F0100,1023.4,
13/07/2021 09:46:12.312,21090,AM1V310 @334858,134084,03910100,1026.59,
13/07/2021 09:46:12.822,21600,AM1V310 @334858,134146,99910100,1028.09,
13/07/2021 09:46:13.317,22095,AM1V310 @334858,134209,F08F0100,1023.84,
13/07/2021 09:46:13.827,22605,AM1V310 @334858,134271,0F900100,1024.15,
13/07/2021 09:46:14.352,23130,AM1V310 @334858,134334,62910100,1027.54,
13/07/2021 09:46:14.817,23595,AM1V310 @334858,134396,6F910100,1027.67,
13/07/2021 09:46:15.313,24090,AM1V310 @334858,134459,D08F0100,1023.52,
13/07/2021 09:46:15.822,24600,AM1V310 @334858,134521,F78F0100,1023.91,
13/07/2021 09:46:16.317,25095,AM1V310 @334858,134584,8A910100,1027.94,
13/07/2021 09:46:16.811,25589,AM1V310 @334858,134646,4E910100,1027.34,
13/07/2021 09:46:17.352,26130,AM1V310 @334858,134709,B98F0100,1023.29,
13/07/2021 09:46:17.833,26611,AM1V310 @334858,134771,06900100,1024.06,
13/07/2021 09:46:18.312,27090,AM1V310 @334858,134834,3D910100,1027.17,
13/07/2021 09:46:18.837,27615,AM1V310 @334858,134896,1B910100,1026.83,
13/07/2021 09:46:19.318,28096,AM1V310 @334858,134959,B08F0100,1023.2,
13/07/2021 09:46:19.812,28590,AM1V310 @334858,135021,CA8F0100,1023.46,
13/07/2021 09:46:20.322,29100,AM1V310 @334858,135084,73910100,1027.71,
13/07/2021 09:46:20.817,29595,AM1V310 @334858,135146,96910100,1028.06,
13/07/2021 09:46:21.312,30090,AM1V310 @334858,135209,AC8F0100,1023.16,
13/07/2021 09:46:21.823,30601,AM1V310 @334858,135271,C48F0100,1023.4,
13/07/2021 09:46:22.317,31095,AM1V310 @334858,135334,AF910100,1028.31,
13/07/2021 09:46:22.812,31590,AM1V310 @334858,135396,B7910100,1028.39,
13/07/2021 09:46:23.322,32100,AM1V310 @334858,135459,AD8F0100,1023.17,
13/07/2021 09:46:23.817,32595,AM1V310 @334858,135521,B98F0100,1023.29,
13/07/2021 09:46:24.312,33090,AM1V310 @334858,135584,56910100,1027.42,
13/07/2021 09:46:24.823,33601,AM1V310 @334858,135646,81910100,1027.85,
13/07/2021 09:46:25.318,34096,AM1V310 @334858,135709,2D900100,1024.45,
13/07/2021 09:46:25.842,34620,AM1V310 @334858,135771,9D8F0100,1023.01,
13/07/2021 09:46:26.322,35100,AM1V310 @334858,135834,F3900100,1026.43,
13/07/2021 09:46:26.815,35593,AM1V310 @334858,135896,3B910100,1027.15,
13/07/2021 09:46:27.312,36090,AM1V310 @334858,135959,9C8F0100,1023.0,
13/07/2021 09:46:27.822,36600,AM1V310 @334858,136021,B88F0100,1023.28,
13/07/2021 09:46:28.317,37095,AM1V310 @334858,136084,31910100,1027.05,
13/07/2021 09:46:28.812,37590,AM1V310 @334858,136146,54910100,1027.4,
13/07/2021 09:46:29.320,38098,AM1V310 @334858,136209,D38F0100,1023.55,
13/07/2021 09:46:29.817,38595,AM1V310 @334858,136271,9C8F0100,1023.0,
13/07/2021 09:46:30.342,39120,AM1V310 @334858,136334,D5900100,1026.13,
13/07/2021 09:46:30.822,39600,AM1V310 @334858,136396,52910100,1027.38,
13/07/2021 09:46:31.317,40095,AM1V310 @334858,136459,EF8F0100,1023.83,
13/07/2021 09:46:31.812,40590,AM1V310 @334858,136521,8B8F0100,1022.83,
13/07/2021 09:46:32.322,41100,AM1V310 @334858,136584,85900100,1025.33,
13/07/2021 09:46:32.817,41595,AM1V310 @334858,136646,3A910100,1027.14,
13/07/2021 09:46:33.312,42090,AM1V310 @334858,136709,2D900100,1024.45,
13/07/2021 09:46:33.852,42630,AM1V310 @334858,136771,868F0100,1022.78,
13/07/2021 09:46:34.333,43111,AM1V310 @334858,136834,4D900100,1024.77,
13/07/2021 09:46:34.812,43590,AM1V310 @334858,136896,A0910100,1028.16,
13/07/2021 09:46:35.322,44100,AM1V310 @334858,136959,FE900100,1026.54,
13/07/2021 09:46:35.817,44595,AM1V310 @334858,137021,7B8F0100,1022.67,
13/07/2021 09:46:36.327,45105,AM1V310 @334858,137084,DB8F0100,1023.63,
13/07/2021 09:46:36.822,45600,AM1V310 @334858,137146,7C910100,1027.8,
13/07/2021 09:46:37.318,46096,AM1V310 @334858,137209,20910100,1026.88,
13/07/2021 09:46:37.812,46590,AM1V310 @334858,137271,818F0100,1022.73,
13/07/2021 09:46:38.307,47085,AM1V310 @334858,137334,48900100,1024.72,
13/07/2021 09:46:38.833,47610,AM1V310 @334858,137396,80910100,1027.84,
13/07/2021 09:46:39.311,48089,AM1V310 @334858,137459,61900100,1024.97,
13/07/2021 09:46:39.807,48585,AM1V310 @334858,137521,7F8F0100,1022.71,
13/07/2021 09:46:40.318,49096,AM1V310 @334858,137584,5D900100,1024.93,
13/07/2021 09:46:40.811,49589,AM1V310 @334858,137646,75910100,1027.73,
13/07/2021 09:46:41.307,50085,AM1V310 @334858,137709,C1900100,1025.93,
13/07/2021 09:46:41.816,50594,AM1V310 @334858,137771,908F0100,1022.88,
13/07/2021 09:46:42.327,51105,AM1V310 @334858,137834,11900100,1024.17,
13/07/2021 09:46:42.807,51585,AM1V310 @334858,137896,70910100,1027.68,
13/07/2021 09:46:43.318,52096,AM1V310 @334858,137959,E3900100,1026.27,
13/07/2021 09:46:43.810,52588,AM1V310 @334858,138021,858F0100,1022.77,
13/07/2021 09:46:44.307,53085,AM1V310 @334858,138084,6D900100,1025.09,
13/07/2021 09:46:44.815,53593,AM1V310 @334858,138146,80910100,1027.84,
13/07/2021 09:46:45.312,54090,AM1V310 @334858,138209,DE900100,1026.22,
13/07/2021 09:46:45.807,54585,AM1V310 @334858,138271,748F0100,1022.6,
13/07/2021 09:46:46.333,55111,AM1V310 @334858,138334,79900100,1025.21,
13/07/2021 09:46:46.798,55576,AM1V310 @334858,138396,96910100,1028.06,
13/07/2021 09:46:47.325,56103,AM1V310 @334858,138459,29900100,1024.41,
13/07/2021 09:46:47.805,56583,AM1V310 @334858,138521,788F0100,1022.64,
13/07/2021 09:46:48.329,57107,AM1V310 @334858,138584,7F900100,1025.27,
13/07/2021 09:46:48.808,57586,AM1V310 @334858,138646,B2910100,1028.34,
13/07/2021 09:46:49.347,58125,AM1V310 @334858,138709,DA900100,1026.18,
13/07/2021 09:46:49.827,58605,AM1V310 @334858,138771,618F0100,1022.41,
13/07/2021 09:46:50.294,59072,AM1V310 @334858,138834,03900100,1024.03,
13/07/2021 09:46:50.819,59597,AM1V310 @334858,138896,69910100,1027.61,
13/07/2021 09:46:51.300,60078,AM1V310 @334858,138959,00910100,1026.56,
13/07/2021 09:46:51.795,60573,AM1V310 @334858,139021,668F0100,1022.46,
13/07/2021 09:46:52.317,61095,AM1V310 @334858,139084,C38F0100,1023.39,
13/07/2021 09:46:52.811,61589,AM1V310 @334858,139146,33910100,1027.07,
13/07/2021 09:46:53.307,62085,AM1V310 @334858,139209,81900100,1025.29,
13/07/2021 09:46:53.817,62595,AM1V310 @334858,139271,6F8F0100,1022.55,
13/07/2021 09:46:54.310,63088,AM1V310 @334858,139334,5C900100,1024.92,
13/07/2021 09:46:54.804,63582,AM1V310 @334858,139396,42910100,1027.22,
13/07/2021 09:46:55.315,64093,AM1V310 @334858,139459,E88F0100,1023.76,
13/07/2021 09:46:55.839,64617,AM1V310 @334858,139521,6D8F0100,1022.53,
13/07/2021 09:46:56.304,65082,AM1V310 @334858,139584,15900100,1024.21,
13/07/2021 09:46:56.813,65591,AM1V310 @334858,139646,4C910100,1027.32,
13/07/2021 09:46:57.310,66088,AM1V310 @334858,139709,71900100,1025.13,
13/07/2021 09:46:57.805,66583,AM1V310 @334858,139771,728F0100,1022.58,
13/07/2021 09:46:58.317,67095,AM1V310 @334858,139834,2F900100,1024.47,
13/07/2021 09:46:58.812,67590,AM1V310 @334858,139896,A7910100,1028.23,
13/07/2021 09:46:59.307,68085,AM1V310 @334858,139959,4D900100,1024.77,
13/07/2021 09:46:59.847,68625,AM1V310 @334858,140021,678F0100,1022.47,
13/07/2021 09:47:00.327,69105,AM1V310 @334858,140084,42900100,1024.66,
13/07/2021 09:47:00.805,69582,AM1V310 @334858,140146,49910100,1027.29,
13/07/2021 09:47:01.317,70095,AM1V310 @334858,140209,2F900100,1024.47,
13/07/2021 09:47:01.812,70590,AM1V310 @334858,140271,748F0100,1022.6,
13/07/2021 09:47:02.307,71085,AM1V310 @334858,140334,83900100,1025.31,
13/07/2021 09:47:02.832,71610,AM1V310 @334858,140396,94910100,1028.04,
13/07/2021 09:47:03.313,72091,AM1V310 @334858,140459,D1900100,1026.09,
13/07/2021 09:47:03.808,72585,AM1V310 @334858,140521,6D8F0100,1022.53,
13/07/2021 09:47:04.345,73123,AM1V310 @334858,140584,43900100,1024.67,
13/07/2021 09:47:04.812,73590,AM1V310 @334858,140646,54910100,1027.4,
13/07/2021 09:47:05.307,74085,AM1V310 @334858,140709,B4900100,1025.8,
13/07/2021 09:47:05.817,74595,AM1V310 @334858,140771,6E8F0100,1022.54,
13/07/2021 09:47:06.312,75089,AM1V310 @334858,140834,D38F0100,1023.55,
13/07/2021 09:47:06.807,75585,AM1V310 @334858,140896,64910100,1027.56,
13/07/2021 09:47:07.317,76095,AM1V310 @334858,140959,53910100,1027.39,
13/07/2021 09:47:07.827,76605,AM1V310 @334858,141021,B38F0100,1023.23,
13/07/2021 09:47:08.307,77085,AM1V310 @334858,141084,748F0100,1022.6,
13/07/2021 09:47:08.817,77595,AM1V310 @334858,141146,9E900100,1025.58,
13/07/2021 09:47:09.310,78088,AM1V310 @334858,141209,29910100,1026.97,
13/07/2021 09:47:09.807,78585,AM1V310 @334858,141271,C88F0100,1023.44,
13/07/2021 09:47:10.317,79095,AM1V310 @334858,141334,748F0100,1022.6,
13/07/2021 09:47:10.812,79590,AM1V310 @334858,141396,01910100,1026.57,
13/07/2021 09:47:11.307,80085,AM1V310 @334858,141459,1B910100,1026.83,
13/07/2021 09:47:11.815,80593,AM1V310 @334858,141521,DD8F0100,1023.65,
13/07/2021 09:47:12.342,81120,AM1V310 @334858,141584,7A8F0100,1022.66,
13/07/2021 09:47:12.807,81585,AM1V310 @334858,141646,0C910100,1026.68,
13/07/2021 09:47:13.317,82095,AM1V310 @334858,141709,36910100,1027.1,
13/07/2021 09:47:13.813,82591,AM1V310 @334858,141771,29900100,1024.41,
13/07/2021 09:47:14.307,83085,AM1V310 @334858,141834,668F0100,1022.46,
13/07/2021 09:47:14.817,83595,AM1V310 @334858,141896,32900100,1024.5,
13/07/2021 09:47:15.312,84090,AM1V310 @334858,141959,93910100,1028.03,
13/07/2021 09:47:15.837,84615,AM1V310 @334858,142021,CF900100,1026.07,
13/07/2021 09:47:16.317,85095,AM1V310 @334858,142084,618F0100,1022.41,
13/07/2021 09:47:16.812,85590,AM1V310 @334858,142146,08900100,1024.08,
13/07/2021 09:47:17.307,86085,AM1V310 @334858,142209,74910100,1027.72,
13/07/2021 09:47:17.814,86592,AM1V310 @334858,142271,A1900100,1025.61,
13/07/2021 09:47:18.313,87090,AM1V310 @334858,142334,608F0100,1022.4,
13/07/2021 09:47:18.807,87585,AM1V310 @334858,142396,46900100,1024.7,
13/07/2021 09:47:19.317,88095,AM1V310 @334858,142459,DF900100,1026.23,
13/07/2021 09:47:19.812,88590,AM1V310 @334858,142521,80900100,1025.28,
13/07/2021 09:47:20.337,89115,AM1V310 @334858,142584,718F0100,1022.57,
13/07/2021 09:47:20.816,89593,AM1V310 @334858,142646,44900100,1024.68,
13/07/2021 09:47:21.312,90090,AM1V310 @334858,142709,49910100,1027.29,
13/07/2021 09:47:21.807,90585,AM1V310 @334858,142771,84900100,1025.32,
13/07/2021 09:47:22.317,91095,AM1V310 @334858,142834,678F0100,1022.47,
13/07/2021 09:47:22.812,91590,AM1V310 @334858,142896,A4900100,1025.64,
13/07/2021 09:47:23.308,92086,AM1V310 @334858,142959,3D910100,1027.17,
13/07/2021 09:47:23.800,92578,AM1V310 @334858,143021,E88F0100,1023.76,
13/07/2021 09:47:24.327,93105,AM1V310 @334858,143084,5B8F0100,1022.35,
13/07/2021 09:47:24.807,93585,AM1V310 @334858,143146,A9900100,1025.69,
13/07/2021 09:47:25.302,94080,AM1V310 @334858,143209,1D910100,1026.85,
13/07/2021 09:47:25.812,94590,AM1V310 @334858,143271,E98F0100,1023.77,
13/07/2021 09:47:26.309,95087,AM1V310 @334858,143334,608F0100,1022.4,
13/07/2021 09:47:26.802,95580,AM1V310 @334858,143396,88900100,1025.36,
13/07/2021 09:47:27.312,96090,AM1V310 @334858,143459,13910100,1026.75,
13/07/2021 09:47:27.822,96600,AM1V310 @334858,143521,EE8F0100,1023.82,
13/07/2021 09:47:28.317,97095,AM1V310 @334858,143584,688F0100,1022.48,
13/07/2021 09:47:28.812,97590,AM1V310 @334858,143646,5C900100,1024.92,
13/07/2021 09:47:29.307,98085,AM1V310 @334858,143709,71910100,1027.69,
13/07/2021 09:47:29.802,98580,AM1V310 @334858,143771,9B900100,1025.55,
13/07/2021 09:47:30.312,99090,AM1V310 @334858,143834,6E8F0100,1022.54,
13/07/2021 09:47:30.807,99585,AM1V310 @334858,143896,C28F0100,1023.38,
13/07/2021 09:47:31.302,100080,AM1V310 @334858,143959,77910100,1027.75,
13/07/2021 09:47:31.810,100588,AM1V310 @334858,144021,79910100,1027.77,
13/07/2021 09:47:32.322,101100,AM1V310 @334858,144084,738F0100,1022.59,
13/07/2021 09:47:32.803,101580,AM1V310 @334858,144146,868F0100,1022.78,
13/07/2021 09:47:33.312,102090,AM1V310 @334858,144209,8B910100,1027.95,
13/07/2021 09:47:33.805,102583,AM1V310 @334858,144271,4A910100,1027.3,
13/07/2021 09:47:34.302,103080,AM1V310 @334858,144334,748F0100,1022.6,
13/07/2021 09:47:34.827,103605,AM1V310 @334858,144396,A48F0100,1023.08,
13/07/2021 09:47:35.307,104085,AM1V310 @334858,144459,71910100,1027.69,
13/07/2021 09:47:35.802,104580,AM1V310 @334858,144521,CB900100,1026.03,
13/07/2021 09:47:36.312,105090,AM1V310 @334858,144584,618F0100,1022.41,
13/07/2021 09:47:36.807,105585,AM1V310 @334858,144646,62900100,1024.98,
13/07/2021 09:47:37.329,106107,AM1V310 @334858,144709,C3910100,1028.51,
13/07/2021 09:47:37.812,106590,AM1V310 @334858,144771,98900100,1025.52,
13/07/2021 09:47:38.307,107084,AM1V310 @334858,144834,608F0100,1022.4,
13/07/2021 09:47:38.802,107580,AM1V310 @334858,144896,4E900100,1024.78,
13/07/2021 09:47:39.309,108087,AM1V310 @334858,144959,50910100,1027.36,
13/07/2021 09:47:39.807,108585,AM1V310 @334858,145021,1F900100,1024.31,
13/07/2021 09:47:40.302,109079,AM1V310 @334858,145084,5C8F0100,1022.36,
13/07/2021 09:47:40.827,109605,AM1V310 @334858,145146,71900100,1025.13,
13/07/2021 09:47:41.306,110084,AM1V310 @334858,145209,32910100,1027.06,
13/07/2021 09:47:41.802,110580,AM1V310 @334858,145271,5A900100,1024.9,
13/07/2021 09:47:42.309,111087,AM1V310 @334858,145334,628F0100,1022.42,
13/07/2021 09:47:42.806,111584,AM1V310 @334858,145396,2E900100,1024.46,
13/07/2021 09:47:43.302,112080,AM1V310 @334858,145459,6F910100,1027.67,
13/07/2021 09:47:43.812,112590,AM1V310 @334858,145521,8C900100,1025.4,
13/07/2021 09:47:44.307,113085,AM1V310 @334858,145584,5A8F0100,1022.34,
13/07/2021 09:47:44.832,113610,AM1V310 @334858,145646,CB8F0100,1023.47,
13/07/2021 09:47:45.312,114090,AM1V310 @334858,145709,7C910100,1027.8,
13/07/2021 09:47:45.807,114585,AM1V310 @334858,145771,96900100,1025.5,
13/07/2021 09:47:46.302,115080,AM1V310 @334858,145834,658F0100,1022.45,
13/07/2021 09:47:46.812,115590,AM1V310 @334858,145896,23900100,1024.35,
13/07/2021 09:47:47.307,116085,AM1V310 @334858,145959,80910100,1027.84,
13/07/2021 09:47:47.802,116580,AM1V310 @334858,146021,1F900100,1024.31,
13/07/2021 09:47:48.313,117090,AM1V310 @334858,146084,658F0100,1022.45,
13/07/2021 09:47:48.837,117615,AM1V310 @334858,146146,D3900100,1026.11,
13/07/2021 09:47:49.317,118095,AM1V310 @334858,146209,51920100,1029.93,
13/07/2021 09:47:49.812,118590,AM1V310 @334858,146271,19910100,1026.81,
13/07/2021 09:47:50.307,119085,AM1V310 @334858,146334,548F0100,1022.28,
13/07/2021 09:47:50.802,119580,AM1V310 @334858,146396,1B900100,1024.27,
13/07/2021 09:47:51.312,120090,AM1V310 @334858,146459,F7910100,1029.03,
13/07/2021 09:47:51.807,120585,AM1V310 @334858,146521,3E910100,1027.18,
13/07/2021 09:47:52.301,121079,AM1V310 @334858,146584,418F0100,1022.09,
13/07/2021 09:47:52.842,121620,AM1V310 @334858,146646,05900100,1024.05,
13/07/2021 09:47:53.321,122098,AM1V310 @334858,146709,B7910100,1028.39,
13/07/2021 09:47:53.799,122577,AM1V310 @334858,146771,E7900100,1026.31,
13/07/2021 09:47:54.310,123088,AM1V310 @334858,146834,358F0100,1021.97,
13/07/2021 09:47:54.805,123583,AM1V310 @334858,146896,CA8F0100,1023.46,
13/07/2021 09:47:55.315,124093,AM1V310 @334858,146959,55910100,1027.41,
13/07/2021 09:47:55.812,124590,AM1V310 @334858,147021,90900100,1025.44,
13/07/2021 09:47:56.307,125085,AM1V310 @334858,147084,5C8F0100,1022.36,
13/07/2021 09:47:56.802,125580,AM1V310 @334858,147146,B2900100,1025.78,
13/07/2021 09:47:57.343,126121,AM1V310 @334858,147209,88910100,1027.92,
13/07/2021 09:47:57.807,126585,AM1V310 @334858,147271,29900100,1024.41,
13/07/2021 09:47:58.302,127080,AM1V310 @334858,147334,4D8F0100,1022.21,
13/07/2021 09:47:58.812,127590,AM1V310 @334858,147396,DD900100,1026.21,
13/07/2021 09:47:59.307,128085,AM1V310 @334858,147459,89910100,1027.93,
13/07/2021 09:47:59.802,128580,AM1V310 @334858,147521,A4900100,1025.64,
13/07/2021 09:48:00.309,129087,AM1V310 @334858,147584,4C8F0100,1022.2,
13/07/2021 09:48:00.837,129615,AM1V310 @334858,147646,97900100,1025.51,
13/07/2021 09:48:01.317,130095,AM1V310 @334858,147709,BE910100,1028.46,
13/07/2021 09:48:01.812,130590,AM1V310 @334858,147771,BC900100,1025.88,
13/07/2021 09:48:02.307,131085,AM1V310 @334858,147834,5A8F0100,1022.34,
13/07/2021 09:48:02.802,131580,AM1V310 @334858,147896,59900100,1024.89,
13/07/2021 09:48:03.312,132090,AM1V310 @334858,147959,D2910100,1028.66,
13/07/2021 09:48:03.807,132585,AM1V310 @334858,148021,87900100,1025.35,
13/07/2021 09:48:04.302,133080,AM1V310 @334858,148084,4D8F0100,1022.21,
13/07/2021 09:48:04.827,133605,AM1V310 @334858,148146,15900100,1024.21,
13/07/2021 09:48:05.307,134085,AM1V310 @334858,148209,25910100,1026.93,
13/07/2021 09:48:05.817,134595,AM1V310 @334858,148271,2E900100,1024.46,
13/07/2021 09:48:06.312,135090,AM1V310 @334858,148334,5A8F0100,1022.34,
13/07/2021 09:48:06.835,135613,AM1V310 @334858,148396,D58F0100,1023.57,
13/07/2021 09:48:07.303,136081,AM1V310 @334858,148459,34910100,1027.08,
13/07/2021 09:48:07.797,136575,AM1V310 @334858,148521,4F900100,1024.79,
13/07/2021 09:48:08.307,137085,AM1V310 @334858,148584,438F0100,1022.11,
13/07/2021 09:48:08.802,137580,AM1V310 @334858,148646,C98F0100,1023.45,
13/07/2021 09:48:09.327,138104,AM1V310 @334858,148709,4D910100,1027.33,
13/07/2021 09:48:09.808,138585,AM1V310 @334858,148771,AB900100,1025.71,
13/07/2021 09:48:10.302,139080,AM1V310 @334858,148834,7B8F0100,1022.67,
13/07/2021 09:48:10.797,139575,AM1V310 @334858,148896,858F0100,1022.77,
13/07/2021 09:48:11.307,140085,AM1V310 @334858,148959,75910100,1027.73,
13/07/2021 09:48:11.802,140580,AM1V310 @334858,149021,80910100,1027.84,
13/07/2021 09:48:12.297,141075,AM1V310 @334858,149084,6F8F0100,1022.55,
13/07/2021 09:48:12.807,141585,AM1V310 @334858,149146,7B8F0100,1022.67,
13/07/2021 09:48:13.300,142078,AM1V310 @334858,149209,E5900100,1026.29,
13/07/2021 09:48:13.827,142605,AM1V310 @334858,149271,67910100,1027.59,
13/07/2021 09:48:14.304,143082,AM1V310 @334858,149334,C88F0100,1023.44,
13/07/2021 09:48:14.802,143580,AM1V310 @334858,149396,648F0100,1022.44,
13/07/2021 09:48:15.297,144075,AM1V310 @334858,149459,8C900100,1025.4,
13/07/2021 09:48:15.807,144585,AM1V310 @334858,149521,C9910100,1028.57,
13/07/2021 09:48:16.302,145080,AM1V310 @334858,149584,A38F0100,1023.07,
13/07/2021 09:48:16.797,145575,AM1V310 @334858,149646,4D8F0100,1022.21,
13/07/2021 09:48:17.307,146085,AM1V310 @334858,149709,6D900100,1025.09,
13/07/2021 09:48:17.831,146609,AM1V310 @334858,149771,84910100,1027.88,
13/07/2021 09:48:18.297,147075,AM1V310 @334858,149834,988F0100,1022.96,
13/07/2021 09:48:18.807,147585,AM1V310 @334858,149896,668F0100,1022.46,
13/07/2021 09:48:19.302,148080,AM1V310 @334858,149959,FB900100,1026.51,
13/07/2021 09:48:19.797,148575,AM1V310 @334858,150021,7C910100,1027.8,
13/07/2021 09:48:20.307,149085,AM1V310 @334858,150084,9F8F0100,1023.03,
13/07/2021 09:48:20.802,149580,AM1V310 @334858,150146,678F0100,1022.47,
13/07/2021 09:48:21.298,150076,AM1V310 @334858,150209,57910100,1027.43,
13/07/2021 09:48:21.837,150615,AM1V310 @334858,150271,DC910100,1028.76,
13/07/2021 09:48:22.316,151094,AM1V310 @334858,150334,F28F0100,1023.86,
13/07/2021 09:48:22.797,151575,AM1V310 @334858,150396,478F0100,1022.15,
13/07/2021 09:48:23.307,152085,AM1V310 @334858,150459,C2900100,1025.94,
13/07/2021 09:48:23.800,152578,AM1V310 @334858,150521,F8910100,1029.04,
13/07/2021 09:48:24.297,153074,AM1V310 @334858,150584,F18F0100,1023.85,
13/07/2021 09:48:24.807,153585,AM1V310 @334858,150646,4C8F0100,1022.2,
13/07/2021 09:48:25.302,154080,AM1V310 @334858,150709,C6900100,1025.98,
13/07/2021 09:48:25.797,154575,AM1V310 @334858,150771,96910100,1028.06,
13/07/2021 09:48:26.322,155100,AM1V310 @334858,150834,6A8F0100,1022.5,
13/07/2021 09:48:26.802,155580,AM1V310 @334858,150896,668F0100,1022.46,
13/07/2021 09:48:27.312,156090,AM1V310 @334858,150959,28910100,1026.96,
13/07/2021 09:48:27.807,156585,AM1V310 @334858,151021,EB910100,1028.91,
13/07/2021 09:48:28.303,157081,AM1V310 @334858,151084,4C8F0100,1022.2,
13/07/2021 09:48:28.797,157575,AM1V310 @334858,151146,788F0100,1022.64,
13/07/2021 09:48:29.307,158085,AM1V310 @334858,151209,87910100,1027.91,
13/07/2021 09:48:29.832,158610,AM1V310 @334858,151271,ED910100,1028.93,
13/07/2021 09:48:30.310,159088,AM1V310 @334858,151334,7F8F0100,1022.71,
13/07/2021 09:48:30.807,159585,AM1V310 @334858,151396,4D8F0100,1022.21,
13/07/2021 09:48:31.302,160080,AM1V310 @334858,151459,E9900100,1026.33,
13/07/2021 09:48:31.797,160575,AM1V310 @334858,151521,34910100,1027.08,
13/07/2021 09:48:32.307,161085,AM1V310 @334858,151584,888F0100,1022.8,
13/07/2021 09:48:32.802,161580,AM1V310 @334858,151646,5B8F0100,1022.35,
13/07/2021 09:48:33.297,162075,AM1V310 @334858,151709,16910100,1026.78,
13/07/2021 09:48:33.837,162615,AM1V310 @334858,151771,72910100,1027.7,
13/07/2021 09:48:34.317,163095,AM1V310 @334858,151834,A48F0100,1023.08,
13/07/2021 09:48:34.794,163572,AM1V310 @334858,151896,418F0100,1022.09,
13/07/2021 09:48:35.307,164085,AM1V310 @334858,151959,74900100,1025.16,
13/07/2021 09:48:35.789,164567,AM1V310 @334858,152021,59910100,1027.45,
13/07/2021 09:48:36.284,165062,AM1V310 @334858,152084,B58F0100,1023.25,
13/07/2021 09:48:36.794,165572,AM1V310 @334858,152146,618F0100,1022.41,
13/07/2021 09:48:37.302,166080,AM1V310 @334858,152209,F4900100,1026.44,
13/07/2021 09:48:37.812,166589,AM1V310 @334858,152271,9F910100,1028.15,
13/07/2021 09:48:38.326,167103,AM1V310 @334858,152334,5D900100,1024.93,
13/07/2021 09:48:38.819,167597,AM1V310 @334858,152396,408F0100,1022.08,
13/07/2021 09:48:39.297,168075,AM1V310 @334858,152459,80900100,1025.28,
13/07/2021 09:48:39.807,168585,AM1V310 @334858,152521,A5910100,1028.21,
13/07/2021 09:48:40.302,169080,AM1V310 @334858,152584,48900100,1024.72,
13/07/2021 09:48:40.795,169573,AM1V310 @334858,152646,3C8F0100,1022.04,
13/07/2021 09:48:41.307,170085,AM1V310 @334858,152709,8D900100,1025.41,
13/07/2021 09:48:41.802,170580,AM1V310 @334858,152771,CC910100,1028.6,
13/07/2021 09:48:42.327,171105,AM1V310 @334858,152834,1F900100,1024.31,
13/07/2021 09:48:42.822,171600,AM1V310 @334858,152896,528F0100,1022.26,
13/07/2021 09:48:43.302,172080,AM1V310 @334858,152959,9F900100,1025.59,
13/07/2021 09:48:43.797,172575,AM1V310 @334858,153021,B1910100,1028.33,
13/07/2021 09:48:44.307,173085,AM1V310 @334858,153084,F68F0100,1023.9,
13/07/2021 09:48:44.802,173579,AM1V310 @334858,153146,618F0100,1022.41,
13/07/2021 09:48:45.295,174073,AM1V310 @334858,153209,E58F0100,1023.73,
13/07/2021 09:48:45.807,174585,AM1V310 @334858,153271,CB910100,1028.59,
13/07/2021 09:48:46.330,175108,AM1V310 @334858,153334,07900100,1024.07,
13/07/2021 09:48:46.794,175572,AM1V310 @334858,153396,328F0100,1021.94,
13/07/2021 09:48:47.307,176085,AM1V310 @334858,153459,CC900100,1026.04,
13/07/2021 09:48:47.802,176580,AM1V310 @334858,153521,9F920100,1030.71,
13/07/2021 09:48:48.297,177075,AM1V310 @334858,153584,6A900100,1025.06,
13/07/2021 09:48:48.807,177585,AM1V310 @334858,153646,328F0100,1021.94,
13/07/2021 09:48:49.302,178080,AM1V310 @334858,153709,F1900100,1026.41,
13/07/2021 09:48:49.813,178591,AM1V310 @334858,153771,85910100,1027.89,
13/07/2021 09:48:50.338,179116,AM1V310 @334858,153834,A48F0100,1023.08,
13/07/2021 09:48:50.802,179580,AM1V310 @334858,153896,3B8F0100,1022.03,
13/07/2021 09:48:51.297,180075,AM1V310 @334858,153959,C0900100,1025.92,
13/07/2021 09:48:51.807,180585,AM1V310 @334858,154021,AC910100,1028.28,
13/07/2021 09:48:52.302,181079,AM1V310 @334858,154084,5C900100,1024.92,
13/07/2021 09:48:52.798,181576,AM1V310 @334858,154146,208F0100,1021.76,
13/07/2021 09:48:53.292,182070,AM1V310 @334858,154209,C1900100,1025.93,
13/07/2021 09:48:53.802,182580,AM1V310 @334858,154271,FD910100,1029.09,
13/07/2021 09:48:54.325,183103,AM1V310 @334858,154334,798F0100,1022.65,
13/07/2021 09:48:54.807,183585,AM1V310 @334858,154396,FD8E0100,1021.41,
13/07/2021 09:48:55.300,184077,AM1V310 @334858,154459,0F8F0100,1021.59,
13/07/2021 09:48:55.793,184571,AM1V310 @334858,154521,1D8F0100,1021.73,
13/07/2021 09:48:56.290,185068,AM1V310 @334858,154584,2E8F0100,1021.9,
