Log start on,2021-07-13 16:34:53
Feature,Pressure
Nodes,AM1V310 @334858, 
Date,HostTimestamp (ms),NodeName,NodeTimestamp,RawData,Pressure (mBar),
13/07/2021 16:34:54.171,312,AM1V310 @334858,80692,36900100,1024.54,
13/07/2021 16:34:54.666,807,AM1V310 @334858,80755,38900100,1024.56,
13/07/2021 16:34:55.176,1317,AM1V310 @334858,80817,35900100,1024.53,
13/07/2021 16:34:55.673,1814,AM1V310 @334858,80880,2F900100,1024.47,
13/07/2021 16:34:56.169,2310,AM1V310 @334858,80942,2D900100,1024.45,
13/07/2021 16:34:56.709,2850,AM1V310 @334858,81005,33900100,1024.51,
13/07/2021 16:34:57.189,3330,AM1V310 @334858,81067,FD980100,1047.01,
13/07/2021 16:34:57.669,3809,AM1V310 @334858,81130,8F9E0100,1061.27,
13/07/2021 16:34:58.178,4319,AM1V310 @334858,81192,6E9D0100,1058.38,
13/07/2021 16:34:58.673,4814,AM1V310 @334858,81255,DF9C0100,1056.95,
13/07/2021 16:34:59.170,5311,AM1V310 @334858,81317,929C0100,1056.18,
13/07/2021 16:34:59.676,5817,AM1V310 @334858,81380,3E9C0100,1055.34,
13/07/2021 16:35:00.171,6312,AM1V310 @334858,81442,CE9B0100,1054.22,
13/07/2021 16:35:00.699,6840,AM1V310 @334858,81505,6A9B0100,1053.22,
13/07/2021 16:35:01.179,7320,AM1V310 @334858,81567,1A9B0100,1052.42,
13/07/2021 16:35:01.673,7814,AM1V310 @334858,81630,C59A0100,1051.57,
13/07/2021 16:35:02.168,8309,AM1V310 @334858,81692,849A0100,1050.92,
13/07/2021 16:35:02.678,8819,AM1V310 @334858,81755,9D8C0100,1015.33,
13/07/2021 16:35:03.174,9315,AM1V310 @334858,81817,A28B0100,1012.82,
13/07/2021 16:35:03.683,9824,AM1V310 @334858,81880,7E970100,1043.18,
13/07/2021 16:35:04.177,10318,AM1V310 @334858,81942,29990100,1047.45,
13/07/2021 16:35:04.704,10845,AM1V310 @334858,82005,A3980100,1046.11,
13/07/2021 16:35:05.199,11340,AM1V310 @334858,82067,29980100,1044.89,
13/07/2021 16:35:05.694,11835,AM1V310 @334858,82130,CC970100,1043.96,
13/07/2021 16:35:06.173,12314,AM1V310 @334858,82192,83970100,1043.23,
13/07/2021 16:35:06.668,12809,AM1V310 @334858,82255,56970100,1042.78,
13/07/2021 16:35:07.163,13304,AM1V310 @334858,82317,2C970100,1042.36,
13/07/2021 16:35:07.674,13815,AM1V310 @334858,82380,E9960100,1041.69,
13/07/2021 16:35:08.169,14310,AM1V310 @334858,82442,3D950100,1037.41,
13/07/2021 16:35:08.664,14805,AM1V310 @334858,82505,FB890100,1008.59,
13/07/2021 16:35:09.203,15344,AM1V310 @334858,82567,1A940100,1034.5,
13/07/2021 16:35:09.669,15810,AM1V310 @334858,82630,4A970100,1042.66,
13/07/2021 16:35:10.161,16302,AM1V310 @334858,82692,B4960100,1041.16,
13/07/2021 16:35:10.674,16815,AM1V310 @334858,82755,46960100,1040.06,
13/07/2021 16:35:11.169,17310,AM1V310 @334858,82817,02960100,1039.38,
13/07/2021 16:35:11.678,17819,AM1V310 @334858,82880,D2950100,1038.9,
13/07/2021 16:35:12.174,18314,AM1V310 @334858,82942,A2950100,1038.42,
13/07/2021 16:35:12.699,18840,AM1V310 @334858,83005,79950100,1038.01,
13/07/2021 16:35:13.177,19318,AM1V310 @334858,83067,4D950100,1037.57,
13/07/2021 16:35:13.674,19815,AM1V310 @334858,83130,12950100,1036.98,
13/07/2021 16:35:14.165,20306,AM1V310 @334858,83192,C0920100,1031.04,
13/07/2021 16:35:14.662,20802,AM1V310 @334858,83255,95880100,1005.01,
13/07/2021 16:35:15.173,21314,AM1V310 @334858,83317,8E8F0100,1022.86,
13/07/2021 16:35:15.666,21807,AM1V310 @334858,83380,56960100,1040.22,
13/07/2021 16:35:16.162,22303,AM1V310 @334858,83442,DC950100,1039.0,
13/07/2021 16:35:16.674,22815,AM1V310 @334858,83505,95950100,1038.29,
13/07/2021 16:35:17.199,23339,AM1V310 @334858,83567,6F950100,1037.91,
13/07/2021 16:35:17.677,23818,AM1V310 @334858,83630,28950100,1037.2,
13/07/2021 16:35:18.173,24314,AM1V310 @334858,83692,0D950100,1036.93,
13/07/2021 16:35:18.669,24810,AM1V310 @334858,83755,BF940100,1036.15,
13/07/2021 16:35:19.163,25304,AM1V310 @334858,83817,9F940100,1035.83,
13/07/2021 16:35:19.674,25815,AM1V310 @334858,83880,82940100,1035.54,
13/07/2021 16:35:20.169,26310,AM1V310 @334858,83942,21940100,1034.57,
13/07/2021 16:35:20.663,26804,AM1V310 @334858,84005,A2870100,1002.58,
13/07/2021 16:35:21.189,27330,AM1V310 @334858,84067,238B0100,1011.55,
13/07/2021 16:35:21.669,27810,AM1V310 @334858,84130,7F940100,1035.51,
13/07/2021 16:35:22.164,28304,AM1V310 @334858,84192,5E940100,1035.18,
13/07/2021 16:35:22.674,28814,AM1V310 @334858,84255,28940100,1034.64,
13/07/2021 16:35:23.198,29339,AM1V310 @334858,84317,F3930100,1034.11,
13/07/2021 16:35:23.663,29804,AM1V310 @334858,84380,C8930100,1033.68,
13/07/2021 16:35:24.171,30312,AM1V310 @334858,84442,9A930100,1033.22,
13/07/2021 16:35:24.668,30809,AM1V310 @334858,84505,65930100,1032.69,
13/07/2021 16:35:25.162,31303,AM1V310 @334858,84567,79930100,1032.89,
13/07/2021 16:35:25.689,31830,AM1V310 @334858,84630,43930100,1032.35,
13/07/2021 16:35:26.167,32308,AM1V310 @334858,84692,3D930100,1032.29,
13/07/2021 16:35:26.664,32805,AM1V310 @334858,84755,26880100,1003.9,
13/07/2021 16:35:27.171,33312,AM1V310 @334858,84817,20890100,1006.4,
13/07/2021 16:35:27.668,33809,AM1V310 @334858,84880,42940100,1034.9,
13/07/2021 16:35:28.164,34305,AM1V310 @334858,84942,ED930100,1034.05,
13/07/2021 16:35:28.674,34815,AM1V310 @334858,85005,80930100,1032.96,
13/07/2021 16:35:29.168,35309,AM1V310 @334858,85067,52930100,1032.5,
13/07/2021 16:35:29.694,35834,AM1V310 @334858,85130,33930100,1032.19,
13/07/2021 16:35:30.174,36315,AM1V310 @334858,85192,2A930100,1032.1,
13/07/2021 16:35:30.669,36810,AM1V310 @334858,85255,01930100,1031.69,
13/07/2021 16:35:31.163,37304,AM1V310 @334858,85317,EC920100,1031.48,
13/07/2021 16:35:31.673,37814,AM1V310 @334858,85380,BE920100,1031.02,
13/07/2021 16:35:32.168,38309,AM1V310 @334858,85442,74910100,1027.72,
13/07/2021 16:35:32.664,38805,AM1V310 @334858,85505,0D860100,998.53,
13/07/2021 16:35:33.188,39329,AM1V310 @334858,85567,B0890100,1007.84,
13/07/2021 16:35:33.669,39810,AM1V310 @334858,85630,B1930100,1033.45,
13/07/2021 16:35:34.163,40304,AM1V310 @334858,85692,68930100,1032.72,
13/07/2021 16:35:34.674,40814,AM1V310 @334858,85755,12930100,1031.86,
13/07/2021 16:35:35.169,41310,AM1V310 @334858,85817,E7920100,1031.43,
13/07/2021 16:35:35.663,41804,AM1V310 @334858,85880,C6920100,1031.1,
13/07/2021 16:35:36.172,42313,AM1V310 @334858,85942,C2920100,1031.06,
13/07/2021 16:35:36.670,42810,AM1V310 @334858,86005,BC920100,1031.0,
13/07/2021 16:35:37.161,43302,AM1V310 @334858,86067,99920100,1030.65,
13/07/2021 16:35:37.686,43827,AM1V310 @334858,86130,83920100,1030.43,
13/07/2021 16:35:38.169,44310,AM1V310 @334858,86192,6C920100,1030.2,
13/07/2021 16:35:38.664,44804,AM1V310 @334858,86255,12870100,1001.14,
13/07/2021 16:35:39.174,45315,AM1V310 @334858,86317,0C860100,998.52,
13/07/2021 16:35:39.668,45809,AM1V310 @334858,86380,00930100,1031.68,
13/07/2021 16:35:40.160,46301,AM1V310 @334858,86442,19930100,1031.93,
13/07/2021 16:35:40.673,46814,AM1V310 @334858,86505,D5920100,1031.25,
13/07/2021 16:35:41.170,47311,AM1V310 @334858,86567,9E920100,1030.7,
13/07/2021 16:35:41.663,47804,AM1V310 @334858,86630,8F920100,1030.55,
13/07/2021 16:35:42.189,48329,AM1V310 @334858,86692,82920100,1030.42,
13/07/2021 16:35:42.668,48809,AM1V310 @334858,86755,67920100,1030.15,
13/07/2021 16:35:43.163,49304,AM1V310 @334858,86817,44920100,1029.8,
13/07/2021 16:35:43.688,49829,AM1V310 @334858,86880,2A920100,1029.54,
13/07/2021 16:35:44.168,50309,AM1V310 @334858,86942,15920100,1029.33,
13/07/2021 16:35:44.664,50805,AM1V310 @334858,87005,0D880100,1003.65,
13/07/2021 16:35:45.174,51315,AM1V310 @334858,87067,E7850100,998.15,
13/07/2021 16:35:45.684,51825,AM1V310 @334858,87130,C2920100,1031.06,
13/07/2021 16:35:46.164,52305,AM1V310 @334858,87192,93920100,1030.59,
13/07/2021 16:35:46.673,52814,AM1V310 @334858,87255,61920100,1030.09,
13/07/2021 16:35:47.169,53309,AM1V310 @334858,87317,33920100,1029.63,
13/07/2021 16:35:47.663,53804,AM1V310 @334858,87380,17920100,1029.35,
13/07/2021 16:35:48.174,54315,AM1V310 @334858,87442,03920100,1029.15,
13/07/2021 16:35:48.668,54808,AM1V310 @334858,87505,F4910100,1029.0,
13/07/2021 16:35:49.165,55306,AM1V310 @334858,87567,E4910100,1028.84,
13/07/2021 16:35:49.688,55829,AM1V310 @334858,87630,D4910100,1028.68,
13/07/2021 16:35:50.169,56309,AM1V310 @334858,87692,CB910100,1028.59,
13/07/2021 16:35:50.663,56804,AM1V310 @334858,87755,0D8C0100,1013.89,
13/07/2021 16:35:51.173,57314,AM1V310 @334858,87817,0E850100,995.98,
13/07/2021 16:35:51.669,57810,AM1V310 @334858,87880,21920100,1029.45,
13/07/2021 16:35:52.163,58304,AM1V310 @334858,87942,8C920100,1030.52,
13/07/2021 16:35:52.674,58814,AM1V310 @334858,88005,48920100,1029.84,
13/07/2021 16:35:53.167,59308,AM1V310 @334858,88067,1F920100,1029.43,
13/07/2021 16:35:53.662,59803,AM1V310 @334858,88130,09920100,1029.21,
13/07/2021 16:35:54.174,60315,AM1V310 @334858,88192,E4910100,1028.84,
13/07/2021 16:35:54.669,60810,AM1V310 @334858,88255,D7910100,1028.71,
13/07/2021 16:35:55.164,61305,AM1V310 @334858,88317,C5910100,1028.53,
13/07/2021 16:35:55.659,61800,AM1V310 @334858,88380,AC910100,1028.28,
13/07/2021 16:35:56.168,62309,AM1V310 @334858,88442,97910100,1028.07,
13/07/2021 16:35:56.662,62803,AM1V310 @334858,88505,EC8A0100,1011.0,
13/07/2021 16:35:57.158,63299,AM1V310 @334858,88567,DE840100,995.5,
13/07/2021 16:35:57.669,63809,AM1V310 @334858,88630,1C910100,1026.84,
13/07/2021 16:35:58.179,64320,AM1V310 @334858,88692,6C920100,1030.2,
13/07/2021 16:35:58.656,64797,AM1V310 @334858,88755,26920100,1029.5,
13/07/2021 16:35:59.169,65310,AM1V310 @334858,88817,F2910100,1028.98,
13/07/2021 16:35:59.663,65804,AM1V310 @334858,88880,C8910100,1028.56,
13/07/2021 16:36:00.158,66299,AM1V310 @334858,88942,8A910100,1027.94,
13/07/2021 16:36:00.684,66825,AM1V310 @334858,89005,A4910100,1028.2,
13/07/2021 16:36:01.164,67305,AM1V310 @334858,89067,85910100,1027.89,
13/07/2021 16:36:01.658,67799,AM1V310 @334858,89130,73910100,1027.71,
13/07/2021 16:36:02.198,68339,AM1V310 @334858,89192,66910100,1027.58,
13/07/2021 16:36:02.679,68820,AM1V310 @334858,89255,9D890100,1007.65,
13/07/2021 16:36:03.159,69299,AM1V310 @334858,89317,E9840100,995.61,
13/07/2021 16:36:03.669,69809,AM1V310 @334858,89380,55910100,1027.41,
13/07/2021 16:36:04.163,70304,AM1V310 @334858,89442,41920100,1029.77,
13/07/2021 16:36:04.659,70800,AM1V310 @334858,89505,E2910100,1028.82,
13/07/2021 16:36:05.168,71309,AM1V310 @334858,89567,B4910100,1028.36,
13/07/2021 16:36:05.663,71804,AM1V310 @334858,89630,9E910100,1028.14,
13/07/2021 16:36:06.157,72298,AM1V310 @334858,89692,87910100,1027.91,
13/07/2021 16:36:06.699,72840,AM1V310 @334858,89755,78910100,1027.76,
13/07/2021 16:36:07.193,73334,AM1V310 @334858,89817,5A910100,1027.46,
13/07/2021 16:36:07.659,73799,AM1V310 @334858,89880,56910100,1027.42,
13/07/2021 16:36:08.166,74307,AM1V310 @334858,89942,34910100,1027.08,
13/07/2021 16:36:08.663,74804,AM1V310 @334858,90005,348C0100,1014.28,
13/07/2021 16:36:09.158,75299,AM1V310 @334858,90067,C6840100,995.26,
13/07/2021 16:36:09.666,75807,AM1V310 @334858,90130,FC8F0100,1023.96,
13/07/2021 16:36:10.163,76304,AM1V310 @334858,90192,3F920100,1029.75,
13/07/2021 16:36:10.688,76829,AM1V310 @334858,90255,D9910100,1028.73,
13/07/2021 16:36:11.169,77309,AM1V310 @334858,90317,9D910100,1028.13,
13/07/2021 16:36:11.664,77805,AM1V310 @334858,90380,8A910100,1027.94,
13/07/2021 16:36:12.159,78299,AM1V310 @334858,90442,7C910100,1027.8,
13/07/2021 16:36:12.668,78809,AM1V310 @334858,90505,75910100,1027.73,
13/07/2021 16:36:13.163,79304,AM1V310 @334858,90567,61910100,1027.53,
13/07/2021 16:36:13.657,79798,AM1V310 @334858,90630,6B910100,1027.63,
13/07/2021 16:36:14.167,80308,AM1V310 @334858,90692,68910100,1027.6,
13/07/2021 16:36:14.678,80819,AM1V310 @334858,90755,598C0100,1014.65,
13/07/2021 16:36:15.159,81300,AM1V310 @334858,90817,C8840100,995.28,
13/07/2021 16:36:15.683,81824,AM1V310 @334858,90880,BB910100,1028.43,
13/07/2021 16:36:16.163,82304,AM1V310 @334858,90942,40920100,1029.76,
13/07/2021 16:36:16.658,82799,AM1V310 @334858,91005,F6910100,1029.02,
13/07/2021 16:36:17.168,83309,AM1V310 @334858,91067,C4910100,1028.52,
13/07/2021 16:36:17.663,83804,AM1V310 @334858,91130,AF910100,1028.31,
13/07/2021 16:36:18.159,84300,AM1V310 @334858,91192,91910100,1028.01,
13/07/2021 16:36:18.682,84823,AM1V310 @334858,91255,87910100,1027.91,
13/07/2021 16:36:19.194,85335,AM1V310 @334858,91317,74910100,1027.72,
13/07/2021 16:36:19.658,85798,AM1V310 @334858,91380,64910100,1027.56,
13/07/2021 16:36:20.168,86309,AM1V310 @334858,91442,52910100,1027.38,
13/07/2021 16:36:20.661,86802,AM1V310 @334858,91505,4B900100,1024.75,
13/07/2021 16:36:21.158,87299,AM1V310 @334858,91567,FA840100,995.78,
13/07/2021 16:36:21.666,87807,AM1V310 @334858,91630,D28E0100,1020.98,
13/07/2021 16:36:22.164,88305,AM1V310 @334858,91692,F0910100,1028.96,
13/07/2021 16:36:22.673,88814,AM1V310 @334858,91755,AB910100,1028.27,
13/07/2021 16:36:23.199,89340,AM1V310 @334858,91817,7D910100,1027.81,
13/07/2021 16:36:23.664,89805,AM1V310 @334858,91880,80910100,1027.84,
13/07/2021 16:36:24.158,90299,AM1V310 @334858,91942,7E910100,1027.82,
13/07/2021 16:36:24.669,90810,AM1V310 @334858,92005,72910100,1027.7,
13/07/2021 16:36:25.163,91304,AM1V310 @334858,92067,5A910100,1027.46,
13/07/2021 16:36:25.658,91799,AM1V310 @334858,92130,57910100,1027.43,
13/07/2021 16:36:26.181,92322,AM1V310 @334858,92192,49910100,1027.29,
13/07/2021 16:36:26.693,92834,AM1V310 @334858,92255,348E0100,1019.4,
13/07/2021 16:36:27.171,93312,AM1V310 @334858,92317,B7840100,995.11,
13/07/2021 16:36:27.669,93810,AM1V310 @334858,92380,FC8E0100,1021.4,
13/07/2021 16:36:28.177,94318,AM1V310 @334858,92442,FC910100,1029.08,
13/07/2021 16:36:28.657,94797,AM1V310 @334858,92505,E0910100,1028.8,
13/07/2021 16:36:29.168,95309,AM1V310 @334858,92567,72910100,1027.7,
13/07/2021 16:36:29.663,95804,AM1V310 @334858,92630,55910100,1027.41,
13/07/2021 16:36:30.158,96299,AM1V310 @334858,92692,FE900100,1026.54,
13/07/2021 16:36:30.669,96810,AM1V310 @334858,92755,0C910100,1026.68,
13/07/2021 16:36:31.194,97335,AM1V310 @334858,92817,F6900100,1026.46,
13/07/2021 16:36:31.658,97799,AM1V310 @334858,92880,EF900100,1026.39,
13/07/2021 16:36:32.168,98309,AM1V310 @334858,92942,E7900100,1026.31,
13/07/2021 16:36:32.664,98805,AM1V310 @334858,93005,C98F0100,1023.45,
13/07/2021 16:36:33.156,99297,AM1V310 @334858,93067,32850100,996.34,
13/07/2021 16:36:33.668,99809,AM1V310 @334858,93130,A28C0100,1015.38,
13/07/2021 16:36:34.163,100304,AM1V310 @334858,93192,FB910100,1029.07,
13/07/2021 16:36:34.659,100800,AM1V310 @334858,93255,B6910100,1028.38,
13/07/2021 16:36:35.182,101323,AM1V310 @334858,93317,87910100,1027.91,
13/07/2021 16:36:35.663,101804,AM1V310 @334858,93380,6F910100,1027.67,
13/07/2021 16:36:36.159,102300,AM1V310 @334858,93442,5E910100,1027.5,
13/07/2021 16:36:36.653,102794,AM1V310 @334858,93505,4C910100,1027.32,
13/07/2021 16:36:37.163,103304,AM1V310 @334858,93567,3F910100,1027.19,
13/07/2021 16:36:37.658,103799,AM1V310 @334858,93630,34910100,1027.08,
13/07/2021 16:36:38.155,104296,AM1V310 @334858,93692,25910100,1026.93,
13/07/2021 16:36:38.663,104804,AM1V310 @334858,93755,82900100,1025.3,
13/07/2021 16:36:39.189,105330,AM1V310 @334858,93817,76850100,997.02,
13/07/2021 16:36:39.669,105809,AM1V310 @334858,93880,988B0100,1012.72,
13/07/2021 16:36:40.162,106303,AM1V310 @334858,93942,3A920100,1029.7,
13/07/2021 16:36:40.659,106799,AM1V310 @334858,94005,F9910100,1029.05,
13/07/2021 16:36:41.153,107294,AM1V310 @334858,94067,AD910100,1028.29,
13/07/2021 16:36:41.663,107804,AM1V310 @334858,94130,97910100,1028.07,
13/07/2021 16:36:42.158,108299,AM1V310 @334858,94192,78910100,1027.76,
13/07/2021 16:36:42.654,108795,AM1V310 @334858,94255,6D910100,1027.65,
13/07/2021 16:36:43.193,109334,AM1V310 @334858,94317,59910100,1027.45,
13/07/2021 16:36:43.673,109814,AM1V310 @334858,94380,3E910100,1027.18,
13/07/2021 16:36:44.154,110295,AM1V310 @334858,94442,2D910100,1027.01,
13/07/2021 16:36:44.663,110804,AM1V310 @334858,94505,F4900100,1026.44,
13/07/2021 16:36:45.156,111297,AM1V310 @334858,94567,A2850100,997.46,
13/07/2021 16:36:45.653,111794,AM1V310 @334858,94630,B7880100,1005.35,
13/07/2021 16:36:46.164,112305,AM1V310 @334858,94692,75910100,1027.73,
13/07/2021 16:36:46.659,112800,AM1V310 @334858,94755,F3900100,1026.43,
13/07/2021 16:36:47.169,113309,AM1V310 @334858,94817,FA900100,1026.5,
13/07/2021 16:36:47.693,113834,AM1V310 @334858,94880,E7900100,1026.31,
13/07/2021 16:36:48.159,114300,AM1V310 @334858,94942,E6900100,1026.3,
13/07/2021 16:36:48.653,114794,AM1V310 @334858,95005,D5900100,1026.13,
13/07/2021 16:36:49.163,115304,AM1V310 @334858,95067,CE900100,1026.06,
13/07/2021 16:36:49.658,115799,AM1V310 @334858,95130,C9900100,1026.01,
13/07/2021 16:36:50.151,116292,AM1V310 @334858,95192,C8900100,1026.0,
13/07/2021 16:36:50.664,116805,AM1V310 @334858,95255,B5900100,1025.81,
13/07/2021 16:36:51.158,117299,AM1V310 @334858,95317,4C860100,999.16,
13/07/2021 16:36:51.684,117825,AM1V310 @334858,95380,96860100,999.9,
13/07/2021 16:36:52.163,118304,AM1V310 @334858,95442,9B920100,1030.67,
13/07/2021 16:36:52.646,118787,AM1V310 @334858,95505,5F920100,1030.07,
13/07/2021 16:36:53.171,119312,AM1V310 @334858,95567,28920100,1029.52,
13/07/2021 16:36:53.663,119804,AM1V310 @334858,95630,05920100,1029.17,
13/07/2021 16:36:54.190,120331,AM1V310 @334858,95692,EB910100,1028.91,
13/07/2021 16:36:54.668,120809,AM1V310 @334858,95755,D4910100,1028.68,
13/07/2021 16:36:55.194,121335,AM1V310 @334858,95817,C4910100,1028.52,
13/07/2021 16:36:55.674,121815,AM1V310 @334858,95880,B2910100,1028.34,
13/07/2021 16:36:56.154,122294,AM1V310 @334858,95942,AA910100,1028.26,
13/07/2021 16:36:56.667,122807,AM1V310 @334858,96005,91910100,1028.01,
13/07/2021 16:36:57.146,123287,AM1V310 @334858,96067,76860100,999.58,
13/07/2021 16:36:57.653,123793,AM1V310 @334858,96130,EE860100,1000.78,
13/07/2021 16:36:58.163,124304,AM1V310 @334858,96192,28920100,1029.52,
13/07/2021 16:36:58.659,124800,AM1V310 @334858,96255,FA910100,1029.06,
13/07/2021 16:36:59.154,125295,AM1V310 @334858,96317,C9910100,1028.57,
13/07/2021 16:36:59.664,125804,AM1V310 @334858,96380,B7910100,1028.39,
13/07/2021 16:37:00.158,126299,AM1V310 @334858,96442,AA910100,1028.26,
13/07/2021 16:37:00.666,126807,AM1V310 @334858,96505,99910100,1028.09,
13/07/2021 16:37:01.193,127334,AM1V310 @334858,96567,8D910100,1027.97,
13/07/2021 16:37:01.659,127799,AM1V310 @334858,96630,72910100,1027.7,
13/07/2021 16:37:02.153,128294,AM1V310 @334858,96692,5C910100,1027.48,
13/07/2021 16:37:02.663,128804,AM1V310 @334858,96755,47910100,1027.27,
13/07/2021 16:37:03.158,129299,AM1V310 @334858,96817,41910100,1027.21,
13/07/2021 16:37:03.654,129794,AM1V310 @334858,96880,658E0100,1019.89,
13/07/2021 16:37:04.161,130302,AM1V310 @334858,96942,AC840100,995.0,
13/07/2021 16:37:04.673,130814,AM1V310 @334858,97005,C48D0100,1018.28,
13/07/2021 16:37:05.154,131295,AM1V310 @334858,97067,E1910100,1028.81,
13/07/2021 16:37:05.663,131804,AM1V310 @334858,97130,A7910100,1028.23,
13/07/2021 16:37:06.158,132299,AM1V310 @334858,97192,88910100,1027.92,
13/07/2021 16:37:06.653,132794,AM1V310 @334858,97255,69910100,1027.61,
13/07/2021 16:37:07.164,133304,AM1V310 @334858,97317,53910100,1027.39,
13/07/2021 16:37:07.659,133800,AM1V310 @334858,97380,3E910100,1027.18,
13/07/2021 16:37:08.167,134308,AM1V310 @334858,97442,33910100,1027.07,
13/07/2021 16:37:08.663,134804,AM1V310 @334858,97505,1B910100,1026.83,
13/07/2021 16:37:09.173,135314,AM1V310 @334858,97567,1C910100,1026.84,
13/07/2021 16:37:09.651,135792,AM1V310 @334858,97630,E3900100,1026.27,
13/07/2021 16:37:10.177,136318,AM1V310 @334858,97692,0D870100,1001.09,
13/07/2021 16:37:10.659,136800,AM1V310 @334858,97755,4A850100,996.58,
13/07/2021 16:37:11.153,137294,AM1V310 @334858,97817,A1910100,1028.17,
13/07/2021 16:37:11.664,137804,AM1V310 @334858,97880,E1910100,1028.81,
13/07/2021 16:37:12.158,138299,AM1V310 @334858,97942,A0910100,1028.16,
13/07/2021 16:37:12.653,138794,AM1V310 @334858,98005,71910100,1027.69,
13/07/2021 16:37:13.163,139304,AM1V310 @334858,98067,55910100,1027.41,
13/07/2021 16:37:13.688,139829,AM1V310 @334858,98130,34910100,1027.08,
13/07/2021 16:37:14.153,140294,AM1V310 @334858,98192,35910100,1027.09,
13/07/2021 16:37:14.663,140804,AM1V310 @334858,98255,25910100,1026.93,
13/07/2021 16:37:15.173,141314,AM1V310 @334858,98317,14910100,1026.76,
13/07/2021 16:37:15.654,141794,AM1V310 @334858,98380,0E910100,1026.7,
13/07/2021 16:37:16.161,142302,AM1V310 @334858,98442,D9870100,1003.13,
13/07/2021 16:37:16.658,142799,AM1V310 @334858,98505,2B850100,996.27,
13/07/2021 16:37:17.154,143294,AM1V310 @334858,98567,A6910100,1028.22,
13/07/2021 16:37:17.693,143834,AM1V310 @334858,98630,E8910100,1028.88,
13/07/2021 16:37:18.173,144313,AM1V310 @334858,98692,DB910100,1028.75,
13/07/2021 16:37:18.654,144795,AM1V310 @334858,98755,BA910100,1028.42,
13/07/2021 16:37:19.163,145304,AM1V310 @334858,98817,94910100,1028.04,
13/07/2021 16:37:19.688,145829,AM1V310 @334858,98880,70910100,1027.68,
13/07/2021 16:37:20.153,146294,AM1V310 @334858,98942,5E910100,1027.5,
13/07/2021 16:37:20.663,146804,AM1V310 @334858,99005,48910100,1027.28,
13/07/2021 16:37:21.188,147329,AM1V310 @334858,99067,45910100,1027.25,
13/07/2021 16:37:21.668,147809,AM1V310 @334858,99130,28910100,1026.96,
13/07/2021 16:37:22.148,148289,AM1V310 @334858,99192,B0870100,1002.72,
13/07/2021 16:37:22.673,148814,AM1V310 @334858,99255,E8840100,995.6,
13/07/2021 16:37:23.154,149295,AM1V310 @334858,99317,9D910100,1028.13,
13/07/2021 16:37:23.647,149788,AM1V310 @334858,99380,13920100,1029.31,
13/07/2021 16:37:24.158,150299,AM1V310 @334858,99442,E6910100,1028.86,
13/07/2021 16:37:24.653,150794,AM1V310 @334858,99505,C2910100,1028.5,
13/07/2021 16:37:25.148,151289,AM1V310 @334858,99567,96910100,1028.06,
13/07/2021 16:37:25.656,151797,AM1V310 @334858,99630,73910100,1027.71,
13/07/2021 16:37:26.184,152325,AM1V310 @334858,99692,5E910100,1027.5,
13/07/2021 16:37:26.648,152789,AM1V310 @334858,99755,46910100,1027.26,
13/07/2021 16:37:27.158,153299,AM1V310 @334858,99817,3A910100,1027.14,
13/07/2021 16:37:27.654,153794,AM1V310 @334858,99880,2C910100,1027.0,
13/07/2021 16:37:28.147,154288,AM1V310 @334858,99942,B6870100,1002.78,
13/07/2021 16:37:28.658,154799,AM1V310 @334858,100005,E9840100,995.61,
13/07/2021 16:37:29.154,155295,AM1V310 @334858,100067,23910100,1026.91,
13/07/2021 16:37:29.648,155789,AM1V310 @334858,100130,AF910100,1028.31,
13/07/2021 16:37:30.173,156314,AM1V310 @334858,100192,87910100,1027.91,
13/07/2021 16:37:30.652,156793,AM1V310 @334858,100255,73910100,1027.71,
13/07/2021 16:37:31.163,157304,AM1V310 @334858,100317,61910100,1027.53,
13/07/2021 16:37:31.658,157799,AM1V310 @334858,100380,3D910100,1027.17,
13/07/2021 16:37:32.153,158294,AM1V310 @334858,100442,19910100,1026.81,
13/07/2021 16:37:32.649,158790,AM1V310 @334858,100505,0A910100,1026.66,
13/07/2021 16:37:33.158,159299,AM1V310 @334858,100567,20910100,1026.88,
13/07/2021 16:37:33.668,159809,AM1V310 @334858,100630,0D910100,1026.69,
13/07/2021 16:37:34.147,160287,AM1V310 @334858,100692,F2870100,1003.38,
13/07/2021 16:37:34.659,160800,AM1V310 @334858,100755,0C850100,995.96,
13/07/2021 16:37:35.152,161292,AM1V310 @334858,100817,878C0100,1015.11,
13/07/2021 16:37:35.648,161789,AM1V310 @334858,100880,21920100,1029.45,
13/07/2021 16:37:36.158,162299,AM1V310 @334858,100942,EA910100,1028.9,
13/07/2021 16:37:36.653,162794,AM1V310 @334858,101005,9E910100,1028.14,
13/07/2021 16:37:37.148,163289,AM1V310 @334858,101067,96910100,1028.06,
13/07/2021 16:37:37.658,163799,AM1V310 @334858,101130,6F910100,1027.67,
13/07/2021 16:37:38.183,164323,AM1V310 @334858,101192,7B910100,1027.79,
13/07/2021 16:37:38.664,164805,AM1V310 @334858,101255,54910100,1027.4,
13/07/2021 16:37:39.155,165296,AM1V310 @334858,101317,54910100,1027.4,
13/07/2021 16:37:39.651,165792,AM1V310 @334858,101380,4B910100,1027.31,
13/07/2021 16:37:40.161,166302,AM1V310 @334858,101442,9C900100,1025.56,
13/07/2021 16:37:40.656,166797,AM1V310 @334858,101505,72850100,996.98,
13/07/2021 16:37:41.151,167292,AM1V310 @334858,101567,94900100,1025.48,
13/07/2021 16:37:41.646,167787,AM1V310 @334858,101630,C9910100,1028.57,
13/07/2021 16:37:42.156,168297,AM1V310 @334858,101692,9E910100,1028.14,
13/07/2021 16:37:42.681,168822,AM1V310 @334858,101755,59910100,1027.45,
13/07/2021 16:37:43.146,169287,AM1V310 @334858,101817,59910100,1027.45,
13/07/2021 16:37:43.656,169797,AM1V310 @334858,101880,32910100,1027.06,
13/07/2021 16:37:44.153,170294,AM1V310 @334858,101942,30910100,1027.04,
13/07/2021 16:37:44.649,170790,AM1V310 @334858,102005,2C910100,1027.0,
13/07/2021 16:37:45.159,171300,AM1V310 @334858,102067,43910100,1027.23,
13/07/2021 16:37:45.653,171794,AM1V310 @334858,102130,2F910100,1027.03,
13/07/2021 16:37:46.149,172290,AM1V310 @334858,102192,5E8D0100,1017.26,
13/07/2021 16:37:46.674,172814,AM1V310 @334858,102255,1F850100,996.15,
13/07/2021 16:37:47.153,173294,AM1V310 @334858,102317,4C900100,1024.76,
13/07/2021 16:37:47.648,173789,AM1V310 @334858,102380,16920100,1029.34,
13/07/2021 16:37:48.156,174297,AM1V310 @334858,102442,D7910100,1028.71,
13/07/2021 16:37:48.653,174794,AM1V310 @334858,102505,A3910100,1028.19,
13/07/2021 16:37:49.149,175290,AM1V310 @334858,102567,7C910100,1027.8,
13/07/2021 16:37:49.658,175799,AM1V310 @334858,102630,6C910100,1027.64,
13/07/2021 16:37:50.183,176324,AM1V310 @334858,102692,64910100,1027.56,
13/07/2021 16:37:50.663,176804,AM1V310 @334858,102755,47910100,1027.27,
13/07/2021 16:37:51.158,177299,AM1V310 @334858,102817,4E910100,1027.34,
13/07/2021 16:37:51.654,177794,AM1V310 @334858,102880,43910100,1027.23,
13/07/2021 16:37:52.148,178289,AM1V310 @334858,102942,3B900100,1024.59,
13/07/2021 16:37:52.658,178799,AM1V310 @334858,103005,25850100,996.21,
13/07/2021 16:37:53.152,179293,AM1V310 @334858,103067,E58E0100,1021.17,
13/07/2021 16:37:53.648,179789,AM1V310 @334858,103130,34920100,1029.64,
13/07/2021 16:37:54.189,180330,AM1V310 @334858,103192,E2910100,1028.82,
13/07/2021 16:37:54.668,180809,AM1V310 @334858,103255,B6910100,1028.38,
13/07/2021 16:37:55.148,181289,AM1V310 @334858,103317,A1910100,1028.17,
13/07/2021 16:37:55.659,181800,AM1V310 @334858,103380,91910100,1028.01,
13/07/2021 16:37:56.153,182294,AM1V310 @334858,103442,77910100,1027.75,
13/07/2021 16:37:56.648,182789,AM1V310 @334858,103505,6B910100,1027.63,
13/07/2021 16:37:57.158,183298,AM1V310 @334858,103567,57910100,1027.43,
13/07/2021 16:37:57.653,183794,AM1V310 @334858,103630,3D910100,1027.17,
13/07/2021 16:37:58.148,184289,AM1V310 @334858,103692,1C910100,1026.84,
13/07/2021 16:37:58.673,184814,AM1V310 @334858,103755,E78A0100,1010.95,
13/07/2021 16:37:59.151,185292,AM1V310 @334858,103817,E6840100,995.58,
13/07/2021 16:37:59.648,185789,AM1V310 @334858,103880,7D850100,997.09,
13/07/2021 16:38:00.156,186297,AM1V310 @334858,103942,0D860100,998.53,
13/07/2021 16:38:00.680,186821,AM1V310 @334858,104005,77860100,999.59,
13/07/2021 16:38:01.146,187287,AM1V310 @334858,104067,DB860100,1000.59,
