Log start on,2021-07-13 09:34:30
Feature,Pressure
Nodes,AM1V310 @334858, 
Date,HostTimestamp (ms),NodeName,NodeTimestamp,RawData,Pressure (mBar),
13/07/2021 09:34:31.332,340,AM1V310 @334858,46451,74900100,1025.16,
13/07/2021 09:34:31.842,850,AM1V310 @334858,46513,76900100,1025.18,
13/07/2021 09:34:32.336,1344,AM1V310 @334858,46576,7A900100,1025.22,
13/07/2021 09:34:32.832,1840,AM1V310 @334858,46638,7A900100,1025.22,
13/07/2021 09:34:33.329,2337,AM1V310 @334858,46701,7F900100,1025.27,
13/07/2021 09:34:33.839,2847,AM1V310 @334858,46763,71920100,1030.25,
13/07/2021 09:34:34.332,3340,AM1V310 @334858,46826,1D920100,1029.41,
13/07/2021 09:34:34.827,3835,AM1V310 @334858,46888,54900100,1024.84,
13/07/2021 09:34:35.339,4346,AM1V310 @334858,46951,8D900100,1025.41,
13/07/2021 09:34:35.864,4872,AM1V310 @334858,47013,CC910100,1028.6,
13/07/2021 09:34:36.330,5337,AM1V310 @334858,47076,F5910100,1029.01,
13/07/2021 09:34:36.839,5847,AM1V310 @334858,47138,37900100,1024.55,
13/07/2021 09:34:37.334,6342,AM1V310 @334858,47201,8A900100,1025.38,
13/07/2021 09:34:37.827,6835,AM1V310 @334858,47263,5C920100,1030.04,
13/07/2021 09:34:38.339,7347,AM1V310 @334858,47326,A6920100,1030.78,
13/07/2021 09:34:38.834,7841,AM1V310 @334858,47388,19900100,1024.25,
13/07/2021 09:34:39.330,8337,AM1V310 @334858,47451,87900100,1025.35,
13/07/2021 09:34:39.869,8876,AM1V310 @334858,47513,D6910100,1028.7,
13/07/2021 09:34:40.348,9355,AM1V310 @334858,47576,80910100,1027.84,
13/07/2021 09:34:40.828,9835,AM1V310 @334858,47638,0E900100,1024.14,
13/07/2021 09:34:41.339,10347,AM1V310 @334858,47701,40900100,1024.64,
13/07/2021 09:34:41.832,10839,AM1V310 @334858,47763,FD910100,1029.09,
13/07/2021 09:34:42.329,11337,AM1V310 @334858,47826,6C920100,1030.2,
13/07/2021 09:34:42.840,11847,AM1V310 @334858,47888,16900100,1024.22,
13/07/2021 09:34:43.334,12342,AM1V310 @334858,47951,01900100,1024.01,
13/07/2021 09:34:43.859,12866,AM1V310 @334858,48013,6E920100,1030.22,
13/07/2021 09:34:44.338,13345,AM1V310 @334858,48076,7B920100,1030.35,
13/07/2021 09:34:44.834,13842,AM1V310 @334858,48138,D88F0100,1023.6,
13/07/2021 09:34:45.329,14337,AM1V310 @334858,48201,6D900100,1025.09,
13/07/2021 09:34:45.839,14847,AM1V310 @334858,48263,3C920100,1029.72,
13/07/2021 09:34:46.332,15339,AM1V310 @334858,48326,1E920100,1029.42,
13/07/2021 09:34:46.829,15837,AM1V310 @334858,48388,B38F0100,1023.23,
13/07/2021 09:34:47.337,16345,AM1V310 @334858,48451,3D900100,1024.61,
13/07/2021 09:34:47.879,16887,AM1V310 @334858,48513,68920100,1030.16,
13/07/2021 09:34:48.329,17337,AM1V310 @334858,48576,50920100,1029.92,
13/07/2021 09:34:48.824,17831,AM1V310 @334858,48638,AA8F0100,1023.14,
13/07/2021 09:34:49.334,18342,AM1V310 @334858,48701,BD8F0100,1023.33,
13/07/2021 09:34:49.829,18837,AM1V310 @334858,48763,46920100,1029.82,
13/07/2021 09:34:50.322,19330,AM1V310 @334858,48826,31920100,1029.61,
13/07/2021 09:34:50.834,19842,AM1V310 @334858,48888,41900100,1024.65,
13/07/2021 09:34:51.329,20337,AM1V310 @334858,48951,DB8F0100,1023.63,
13/07/2021 09:34:51.853,20861,AM1V310 @334858,49013,B7920100,1030.95,
13/07/2021 09:34:52.334,21342,AM1V310 @334858,49076,C2920100,1031.06,
13/07/2021 09:34:52.829,21837,AM1V310 @334858,49138,A78F0100,1023.11,
13/07/2021 09:34:53.324,22332,AM1V310 @334858,49201,7D8F0100,1022.69,
13/07/2021 09:34:53.834,22842,AM1V310 @334858,49263,5F920100,1030.07,
13/07/2021 09:34:54.329,23337,AM1V310 @334858,49326,5F920100,1030.07,
13/07/2021 09:34:54.824,23832,AM1V310 @334858,49388,518F0100,1022.25,
13/07/2021 09:34:55.333,24340,AM1V310 @334858,49451,7B8F0100,1022.67,
13/07/2021 09:34:55.829,24837,AM1V310 @334858,49513,4F920100,1029.91,
13/07/2021 09:34:56.354,25362,AM1V310 @334858,49576,F7910100,1029.03,
13/07/2021 09:34:56.834,25842,AM1V310 @334858,49638,548F0100,1022.28,
13/07/2021 09:34:57.330,26337,AM1V310 @334858,49701,9D8F0100,1023.01,
13/07/2021 09:34:57.824,26831,AM1V310 @334858,49763,F4910100,1029.0,
13/07/2021 09:34:58.346,27354,AM1V310 @334858,49826,B0910100,1028.32,
13/07/2021 09:34:58.829,27837,AM1V310 @334858,49888,598F0100,1022.33,
13/07/2021 09:34:59.323,28331,AM1V310 @334858,49951,668F0100,1022.46,
13/07/2021 09:34:59.864,28872,AM1V310 @334858,50013,07920100,1029.19,
13/07/2021 09:35:00.344,29352,AM1V310 @334858,50076,FF910100,1029.11,
13/07/2021 09:35:00.824,29832,AM1V310 @334858,50138,7A8F0100,1022.66,
13/07/2021 09:35:01.331,30339,AM1V310 @334858,50201,788F0100,1022.64,
13/07/2021 09:35:01.826,30834,AM1V310 @334858,50263,B2910100,1028.34,
13/07/2021 09:35:02.322,31330,AM1V310 @334858,50326,02920100,1029.14,
13/07/2021 09:35:02.834,31842,AM1V310 @334858,50388,688F0100,1022.48,
13/07/2021 09:35:03.326,32334,AM1V310 @334858,50451,6A8F0100,1022.5,
13/07/2021 09:35:03.852,32860,AM1V310 @334858,50513,7B910100,1027.79,
13/07/2021 09:35:04.331,33339,AM1V310 @334858,50576,A3910100,1028.19,
13/07/2021 09:35:04.826,33834,AM1V310 @334858,50638,4D8F0100,1022.21,
13/07/2021 09:35:05.321,34329,AM1V310 @334858,50701,608F0100,1022.4,
13/07/2021 09:35:05.832,34840,AM1V310 @334858,50763,A0910100,1028.16,
13/07/2021 09:35:06.329,35337,AM1V310 @334858,50826,B7910100,1028.39,
13/07/2021 09:35:06.824,35832,AM1V310 @334858,50888,6B8F0100,1022.51,
13/07/2021 09:35:07.334,36342,AM1V310 @334858,50951,618F0100,1022.41,
13/07/2021 09:35:07.844,36852,AM1V310 @334858,51013,D1910100,1028.65,
13/07/2021 09:35:08.321,37329,AM1V310 @334858,51076,73910100,1027.71,
13/07/2021 09:35:08.850,37858,AM1V310 @334858,51138,648F0100,1022.44,
13/07/2021 09:35:09.329,38337,AM1V310 @334858,51201,6F8F0100,1022.55,
13/07/2021 09:35:09.824,38832,AM1V310 @334858,51263,BF910100,1028.47,
13/07/2021 09:35:10.334,39342,AM1V310 @334858,51326,61910100,1027.53,
13/07/2021 09:35:10.829,39837,AM1V310 @334858,51388,648F0100,1022.44,
13/07/2021 09:35:11.324,40332,AM1V310 @334858,51451,648F0100,1022.44,
13/07/2021 09:35:11.834,40842,AM1V310 @334858,51513,E4900100,1026.28,
13/07/2021 09:35:12.359,41367,AM1V310 @334858,51576,ED910100,1028.93,
13/07/2021 09:35:12.839,41847,AM1V310 @334858,51638,A08F0100,1023.04,
13/07/2021 09:35:13.334,42342,AM1V310 @334858,51701,418F0100,1022.09,
13/07/2021 09:35:13.829,42837,AM1V310 @334858,51763,D9900100,1026.17,
13/07/2021 09:35:14.321,43329,AM1V310 @334858,51826,20920100,1029.44,
13/07/2021 09:35:14.834,43842,AM1V310 @334858,51888,A58F0100,1023.09,
13/07/2021 09:35:15.327,44335,AM1V310 @334858,51951,4D8F0100,1022.21,
13/07/2021 09:35:15.839,44847,AM1V310 @334858,52013,AB910100,1028.27,
13/07/2021 09:35:16.364,45372,AM1V310 @334858,52076,C2910100,1028.5,
13/07/2021 09:35:16.829,45837,AM1V310 @334858,52138,908F0100,1022.88,
13/07/2021 09:35:17.323,46331,AM1V310 @334858,52201,418F0100,1022.09,
13/07/2021 09:35:17.834,46842,AM1V310 @334858,52263,B2910100,1028.34,
13/07/2021 09:35:18.329,47337,AM1V310 @334858,52326,E4910100,1028.84,
13/07/2021 09:35:18.838,47846,AM1V310 @334858,52388,F08F0100,1023.84,
13/07/2021 09:35:19.334,48342,AM1V310 @334858,52451,338F0100,1021.95,
13/07/2021 09:35:19.829,48837,AM1V310 @334858,52513,C1900100,1025.93,
13/07/2021 09:35:20.351,49359,AM1V310 @334858,52576,FF910100,1029.11,
13/07/2021 09:35:20.834,49842,AM1V310 @334858,52638,71900100,1025.13,
13/07/2021 09:35:21.329,50336,AM1V310 @334858,52701,2E8F0100,1021.9,
13/07/2021 09:35:21.824,50831,AM1V310 @334858,52763,6D900100,1025.09,
13/07/2021 09:35:22.334,51341,AM1V310 @334858,52826,D0910100,1028.64,
13/07/2021 09:35:22.826,51834,AM1V310 @334858,52888,D98F0100,1023.61,
13/07/2021 09:35:23.322,52330,AM1V310 @334858,52951,2E8F0100,1021.9,
13/07/2021 09:35:23.834,52842,AM1V310 @334858,53013,72900100,1025.14,
13/07/2021 09:35:24.344,53352,AM1V310 @334858,53076,67920100,1030.15,
13/07/2021 09:35:24.824,53832,AM1V310 @334858,53138,4B910100,1027.31,
13/07/2021 09:35:25.334,54342,AM1V310 @334858,53201,208F0100,1021.76,
13/07/2021 09:35:25.829,54837,AM1V310 @334858,53263,E3900100,1026.27,
13/07/2021 09:35:26.322,55330,AM1V310 @334858,53326,07920100,1029.19,
13/07/2021 09:35:26.834,55842,AM1V310 @334858,53388,F5900100,1026.45,
13/07/2021 09:35:27.329,56337,AM1V310 @334858,53451,0E8F0100,1021.58,
13/07/2021 09:35:27.824,56832,AM1V310 @334858,53513,D9900100,1026.17,
13/07/2021 09:35:28.347,57355,AM1V310 @334858,53576,80920100,1030.4,
13/07/2021 09:35:28.829,57837,AM1V310 @334858,53638,09900100,1024.09,
13/07/2021 09:35:29.325,58333,AM1V310 @334858,53701,228F0100,1021.78,
13/07/2021 09:35:29.834,58842,AM1V310 @334858,53763,30910100,1027.04,
13/07/2021 09:35:30.356,59364,AM1V310 @334858,53826,F8910100,1029.04,
13/07/2021 09:35:30.822,59830,AM1V310 @334858,53888,D78F0100,1023.59,
13/07/2021 09:35:31.331,60339,AM1V310 @334858,53951,158F0100,1021.65,
13/07/2021 09:35:31.829,60837,AM1V310 @334858,54013,0C910100,1026.68,
13/07/2021 09:35:32.340,61348,AM1V310 @334858,54076,DD910100,1028.77,
13/07/2021 09:35:32.819,61827,AM1V310 @334858,54138,32900100,1024.5,
13/07/2021 09:35:33.329,62336,AM1V310 @334858,54201,108F0100,1021.6,
13/07/2021 09:35:33.824,62832,AM1V310 @334858,54263,A7900100,1025.67,
13/07/2021 09:35:34.317,63325,AM1V310 @334858,54326,3B920100,1029.71,
13/07/2021 09:35:34.827,63835,AM1V310 @334858,54388,0B900100,1024.11,
13/07/2021 09:35:35.324,64332,AM1V310 @334858,54451,098F0100,1021.53,
13/07/2021 09:35:35.819,64827,AM1V310 @334858,54513,53900100,1024.83,
13/07/2021 09:35:36.329,65337,AM1V310 @334858,54576,EA910100,1028.9,
13/07/2021 09:35:36.836,65844,AM1V310 @334858,54638,B98F0100,1023.29,
13/07/2021 09:35:37.319,66327,AM1V310 @334858,54701,148F0100,1021.64,
13/07/2021 09:35:37.829,66837,AM1V310 @334858,54763,92900100,1025.46,
13/07/2021 09:35:38.324,67331,AM1V310 @334858,54826,FD910100,1029.09,
13/07/2021 09:35:38.819,67827,AM1V310 @334858,54888,2F900100,1024.47,
13/07/2021 09:35:39.330,68338,AM1V310 @334858,54951,108F0100,1021.6,
13/07/2021 09:35:39.824,68832,AM1V310 @334858,55013,83900100,1025.31,
13/07/2021 09:35:40.319,69327,AM1V310 @334858,55076,D2910100,1028.66,
13/07/2021 09:35:40.859,69867,AM1V310 @334858,55138,7B8F0100,1022.67,
13/07/2021 09:35:41.354,70362,AM1V310 @334858,55201,0E8F0100,1021.58,
13/07/2021 09:35:41.819,70826,AM1V310 @334858,55263,C2900100,1025.94,
13/07/2021 09:35:42.329,71337,AM1V310 @334858,55326,DF910100,1028.79,
13/07/2021 09:35:42.824,71832,AM1V310 @334858,55388,2B900100,1024.43,
13/07/2021 09:35:43.320,72328,AM1V310 @334858,55451,138F0100,1021.63,
13/07/2021 09:35:43.829,72837,AM1V310 @334858,55513,A1900100,1025.61,
13/07/2021 09:35:44.324,73332,AM1V310 @334858,55576,C5910100,1028.53,
13/07/2021 09:35:44.819,73827,AM1V310 @334858,55638,61900100,1024.97,
13/07/2021 09:35:45.344,74351,AM1V310 @334858,55701,118F0100,1021.61,
13/07/2021 09:35:45.824,74832,AM1V310 @334858,55763,C58F0100,1023.41,
13/07/2021 09:35:46.319,75326,AM1V310 @334858,55826,EB910100,1028.91,
13/07/2021 09:35:46.829,75837,AM1V310 @334858,55888,7D910100,1027.81,
13/07/2021 09:35:47.324,76332,AM1V310 @334858,55951,1D8F0100,1021.73,
13/07/2021 09:35:47.816,76824,AM1V310 @334858,56013,418F0100,1022.09,
13/07/2021 09:35:48.328,77336,AM1V310 @334858,56076,EB910100,1028.91,
13/07/2021 09:35:48.824,77832,AM1V310 @334858,56138,3E910100,1027.18,
13/07/2021 09:35:49.319,78327,AM1V310 @334858,56201,178F0100,1021.67,
13/07/2021 09:35:49.829,78837,AM1V310 @334858,56263,5A8F0100,1022.34,
13/07/2021 09:35:50.324,79332,AM1V310 @334858,56326,D6910100,1028.7,
13/07/2021 09:35:50.833,79841,AM1V310 @334858,56388,A1910100,1028.17,
13/07/2021 09:35:51.329,80336,AM1V310 @334858,56451,158F0100,1021.65,
13/07/2021 09:35:51.823,80831,AM1V310 @334858,56513,788F0100,1022.64,
13/07/2021 09:35:52.319,81327,AM1V310 @334858,56576,2B920100,1029.55,
13/07/2021 09:35:52.829,81837,AM1V310 @334858,56638,E0910100,1028.8,
13/07/2021 09:35:53.324,82331,AM1V310 @334858,56701,1B8F0100,1021.71,
13/07/2021 09:35:53.849,82857,AM1V310 @334858,56763,118F0100,1021.61,
13/07/2021 09:35:54.328,83336,AM1V310 @334858,56826,E5910100,1028.85,
13/07/2021 09:35:54.824,83832,AM1V310 @334858,56888,DF910100,1028.79,
13/07/2021 09:35:55.319,84326,AM1V310 @334858,56951,2C8F0100,1021.88,
13/07/2021 09:35:55.825,84833,AM1V310 @334858,57013,2A8F0100,1021.86,
13/07/2021 09:35:56.322,85330,AM1V310 @334858,57076,72910100,1027.7,
13/07/2021 09:35:56.816,85824,AM1V310 @334858,57138,3D910100,1027.17,
13/07/2021 09:35:57.344,86352,AM1V310 @334858,57201,1B8F0100,1021.71,
13/07/2021 09:35:57.824,86832,AM1V310 @334858,57263,458F0100,1022.13,
13/07/2021 09:35:58.319,87327,AM1V310 @334858,57326,C0910100,1028.48,
13/07/2021 09:35:58.829,87837,AM1V310 @334858,57388,1F920100,1029.43,
13/07/2021 09:35:59.322,88330,AM1V310 @334858,57451,438F0100,1022.11,
13/07/2021 09:35:59.819,88827,AM1V310 @334858,57513,3B8F0100,1022.03,
13/07/2021 09:36:00.329,89337,AM1V310 @334858,57576,F6910100,1029.02,
13/07/2021 09:36:00.854,89862,AM1V310 @334858,57638,C4910100,1028.52,
13/07/2021 09:36:01.334,90342,AM1V310 @334858,57701,1B8F0100,1021.71,
13/07/2021 09:36:01.829,90837,AM1V310 @334858,57763,CA8F0100,1023.46,
13/07/2021 09:36:02.324,91331,AM1V310 @334858,57826,C6910100,1028.54,
13/07/2021 09:36:02.819,91827,AM1V310 @334858,57888,67900100,1025.03,
13/07/2021 09:36:03.329,92337,AM1V310 @334858,57951,1A8F0100,1021.7,
13/07/2021 09:36:03.824,92832,AM1V310 @334858,58013,F88F0100,1023.92,
13/07/2021 09:36:04.319,93327,AM1V310 @334858,58076,FA910100,1029.06,
13/07/2021 09:36:04.828,93835,AM1V310 @334858,58138,8F900100,1025.43,
13/07/2021 09:36:05.323,94331,AM1V310 @334858,58201,178F0100,1021.67,
13/07/2021 09:36:05.849,94857,AM1V310 @334858,58263,EA8F0100,1023.78,
13/07/2021 09:36:06.329,95337,AM1V310 @334858,58326,D4910100,1028.68,
13/07/2021 09:36:06.824,95832,AM1V310 @334858,58388,F1900100,1026.41,
13/07/2021 09:36:07.319,96327,AM1V310 @334858,58451,148F0100,1021.64,
13/07/2021 09:36:07.829,96837,AM1V310 @334858,58513,8E8F0100,1022.86,
13/07/2021 09:36:08.324,97331,AM1V310 @334858,58576,E5910100,1028.85,
13/07/2021 09:36:08.816,97824,AM1V310 @334858,58638,2C900100,1024.44,
13/07/2021 09:36:09.344,98351,AM1V310 @334858,58701,1C8F0100,1021.72,
13/07/2021 09:36:09.821,98829,AM1V310 @334858,58763,D18F0100,1023.53,
13/07/2021 09:36:10.319,99327,AM1V310 @334858,58826,12920100,1029.3,
13/07/2021 09:36:10.829,99837,AM1V310 @334858,58888,90910100,1028.0,
13/07/2021 09:36:11.324,100332,AM1V310 @334858,58951,2E8F0100,1021.9,
13/07/2021 09:36:11.816,100823,AM1V310 @334858,59013,3A8F0100,1022.02,
13/07/2021 09:36:12.329,101337,AM1V310 @334858,59076,90910100,1028.0,
13/07/2021 09:36:12.824,101832,AM1V310 @334858,59138,9E910100,1028.14,
13/07/2021 09:36:13.319,102327,AM1V310 @334858,59201,2E8F0100,1021.9,
13/07/2021 09:36:13.844,102852,AM1V310 @334858,59263,3B8F0100,1022.03,
13/07/2021 09:36:14.324,103332,AM1V310 @334858,59326,A2910100,1028.18,
13/07/2021 09:36:14.834,103842,AM1V310 @334858,59388,9E910100,1028.14,
13/07/2021 09:36:15.329,104336,AM1V310 @334858,59451,358F0100,1021.97,
13/07/2021 09:36:15.823,104831,AM1V310 @334858,59513,338F0100,1021.95,
13/07/2021 09:36:16.319,105327,AM1V310 @334858,59576,92910100,1028.02,
13/07/2021 09:36:16.814,105822,AM1V310 @334858,59638,93910100,1028.03,
13/07/2021 09:36:17.323,106331,AM1V310 @334858,59701,478F0100,1022.15,
13/07/2021 09:36:17.831,106839,AM1V310 @334858,59763,228F0100,1021.78,
13/07/2021 09:36:18.314,107322,AM1V310 @334858,59826,D9900100,1026.17,
13/07/2021 09:36:18.824,107832,AM1V310 @334858,59888,A6910100,1028.22,
13/07/2021 09:36:19.319,108327,AM1V310 @334858,59951,458F0100,1022.13,
13/07/2021 09:36:19.812,108820,AM1V310 @334858,60013,368F0100,1021.98,
13/07/2021 09:36:20.324,109331,AM1V310 @334858,60076,3E910100,1027.18,
13/07/2021 09:36:20.818,109826,AM1V310 @334858,60138,6B900100,1025.07,
13/07/2021 09:36:21.312,110320,AM1V310 @334858,60201,3F8F0100,1022.07,
13/07/2021 09:36:21.836,110844,AM1V310 @334858,60263,618F0100,1022.41,
13/07/2021 09:36:22.316,111324,AM1V310 @334858,60326,BB910100,1028.43,
13/07/2021 09:36:22.828,111836,AM1V310 @334858,60388,6E910100,1027.66,
13/07/2021 09:36:23.325,112333,AM1V310 @334858,60451,3A8F0100,1022.02,
13/07/2021 09:36:23.816,112824,AM1V310 @334858,60513,498F0100,1022.17,
13/07/2021 09:36:24.314,113322,AM1V310 @334858,60576,96910100,1028.06,
13/07/2021 09:36:24.824,113832,AM1V310 @334858,60638,5A910100,1027.46,
13/07/2021 09:36:25.316,114324,AM1V310 @334858,60701,488F0100,1022.16,
13/07/2021 09:36:25.813,114821,AM1V310 @334858,60763,4D8F0100,1022.21,
13/07/2021 09:36:26.338,115346,AM1V310 @334858,60826,1B910100,1026.83,
13/07/2021 09:36:26.819,115827,AM1V310 @334858,60888,E2910100,1028.82,
13/07/2021 09:36:27.314,116322,AM1V310 @334858,60951,6A8F0100,1022.5,
13/07/2021 09:36:27.822,116830,AM1V310 @334858,61013,588F0100,1022.32,
13/07/2021 09:36:28.319,117327,AM1V310 @334858,61076,FD900100,1026.53,
13/07/2021 09:36:28.813,117820,AM1V310 @334858,61138,A3910100,1028.19,
13/07/2021 09:36:29.324,118331,AM1V310 @334858,61201,608F0100,1022.4,
13/07/2021 09:36:29.818,118826,AM1V310 @334858,61263,598F0100,1022.33,
13/07/2021 09:36:30.344,119352,AM1V310 @334858,61326,33910100,1027.07,
13/07/2021 09:36:30.823,119831,AM1V310 @334858,61388,C8910100,1028.56,
13/07/2021 09:36:31.319,120327,AM1V310 @334858,61451,658F0100,1022.45,
13/07/2021 09:36:31.813,120821,AM1V310 @334858,61513,548F0100,1022.28,
13/07/2021 09:36:32.324,121332,AM1V310 @334858,61576,27910100,1026.95,
13/07/2021 09:36:32.818,121826,AM1V310 @334858,61638,B8910100,1028.4,
13/07/2021 09:36:33.314,122322,AM1V310 @334858,61701,7F8F0100,1022.71,
13/07/2021 09:36:33.855,122863,AM1V310 @334858,61763,618F0100,1022.41,
13/07/2021 09:36:34.333,123341,AM1V310 @334858,61826,79910100,1027.77,
13/07/2021 09:36:34.814,123822,AM1V310 @334858,61888,CD910100,1028.61,
13/07/2021 09:36:35.324,124332,AM1V310 @334858,61951,E78F0100,1023.75,
13/07/2021 09:36:35.816,124824,AM1V310 @334858,62013,458F0100,1022.13,
13/07/2021 09:36:36.311,125319,AM1V310 @334858,62076,91900100,1025.45,
13/07/2021 09:36:36.836,125844,AM1V310 @334858,62138,D5910100,1028.69,
13/07/2021 09:36:37.319,126326,AM1V310 @334858,62201,B18F0100,1023.21,
13/07/2021 09:36:37.813,126821,AM1V310 @334858,62263,438F0100,1022.11,
13/07/2021 09:36:38.339,127347,AM1V310 @334858,62326,EC900100,1026.36,
13/07/2021 09:36:38.834,127842,AM1V310 @334858,62388,E2910100,1028.82,
13/07/2021 09:36:39.313,128321,AM1V310 @334858,62451,988F0100,1022.96,
13/07/2021 09:36:39.823,128831,AM1V310 @334858,62513,5A8F0100,1022.34,
13/07/2021 09:36:40.319,129327,AM1V310 @334858,62576,58910100,1027.44,
13/07/2021 09:36:40.812,129820,AM1V310 @334858,62638,5A910100,1027.46,
13/07/2021 09:36:41.323,130331,AM1V310 @334858,62701,558F0100,1022.29,
13/07/2021 09:36:41.819,130827,AM1V310 @334858,62763,5A8F0100,1022.34,
13/07/2021 09:36:42.329,131337,AM1V310 @334858,62826,33910100,1027.07,
13/07/2021 09:36:42.854,131862,AM1V310 @334858,62888,2C910100,1027.0,
13/07/2021 09:36:43.319,132327,AM1V310 @334858,62951,618F0100,1022.41,
13/07/2021 09:36:43.814,132821,AM1V310 @334858,63013,848F0100,1022.76,
13/07/2021 09:36:44.324,133332,AM1V310 @334858,63076,27910100,1026.95,
13/07/2021 09:36:44.819,133827,AM1V310 @334858,63138,FA900100,1026.5,
13/07/2021 09:36:45.314,134322,AM1V310 @334858,63201,5C8F0100,1022.36,
13/07/2021 09:36:45.821,134829,AM1V310 @334858,63263,688F0100,1022.48,
13/07/2021 09:36:46.319,135326,AM1V310 @334858,63326,48910100,1027.28,
13/07/2021 09:36:46.843,135851,AM1V310 @334858,63388,58910100,1027.44,
13/07/2021 09:36:47.324,136332,AM1V310 @334858,63451,678F0100,1022.47,
13/07/2021 09:36:47.818,136826,AM1V310 @334858,63513,5E8F0100,1022.38,
13/07/2021 09:36:48.313,137321,AM1V310 @334858,63576,07910100,1026.63,
13/07/2021 09:36:48.824,137832,AM1V310 @334858,63638,A6910100,1028.22,
13/07/2021 09:36:49.316,138324,AM1V310 @334858,63701,808F0100,1022.72,
13/07/2021 09:36:49.814,138821,AM1V310 @334858,63763,6A8F0100,1022.5,
13/07/2021 09:36:50.323,139331,AM1V310 @334858,63826,0A910100,1026.66,
13/07/2021 09:36:50.834,139842,AM1V310 @334858,63888,5E910100,1027.5,
13/07/2021 09:36:51.313,140321,AM1V310 @334858,63951,918F0100,1022.89,
13/07/2021 09:36:51.823,140831,AM1V310 @334858,64013,7E8F0100,1022.7,
13/07/2021 09:36:52.319,141327,AM1V310 @334858,64076,D7900100,1026.15,
13/07/2021 09:36:52.813,141821,AM1V310 @334858,64138,57910100,1027.43,
13/07/2021 09:36:53.323,142331,AM1V310 @334858,64201,FE8F0100,1023.98,
13/07/2021 09:36:53.819,142827,AM1V310 @334858,64263,728F0100,1022.58,
13/07/2021 09:36:54.314,143322,AM1V310 @334858,64326,EF8F0100,1023.83,
13/07/2021 09:36:54.839,143847,AM1V310 @334858,64388,99910100,1028.09,
13/07/2021 09:36:55.319,144327,AM1V310 @334858,64451,65900100,1025.01,
13/07/2021 09:36:55.814,144822,AM1V310 @334858,64513,668F0100,1022.46,
13/07/2021 09:36:56.323,145331,AM1V310 @334858,64576,03900100,1024.03,
13/07/2021 09:36:56.818,145826,AM1V310 @334858,64638,55910100,1027.41,
13/07/2021 09:36:57.314,146322,AM1V310 @334858,64701,27900100,1024.39,
13/07/2021 09:36:57.821,146829,AM1V310 @334858,64763,648F0100,1022.44,
13/07/2021 09:36:58.334,147342,AM1V310 @334858,64826,10900100,1024.16,
13/07/2021 09:36:58.814,147821,AM1V310 @334858,64888,AD910100,1028.29,
13/07/2021 09:36:59.324,148332,AM1V310 @334858,64951,00910100,1026.56,
13/07/2021 09:36:59.816,148824,AM1V310 @334858,65013,618F0100,1022.41,
13/07/2021 09:37:00.313,149321,AM1V310 @334858,65076,A78F0100,1023.11,
13/07/2021 09:37:00.824,149831,AM1V310 @334858,65138,61910100,1027.53,
13/07/2021 09:37:01.316,150324,AM1V310 @334858,65201,F48F0100,1023.88,
13/07/2021 09:37:01.812,150820,AM1V310 @334858,65263,6D8F0100,1022.53,
13/07/2021 09:37:02.306,151314,AM1V310 @334858,65326,87900100,1025.35,
13/07/2021 09:37:02.819,151827,AM1V310 @334858,65388,9E910100,1028.14,
13/07/2021 09:37:03.342,152350,AM1V310 @334858,65451,1A900100,1024.26,
13/07/2021 09:37:03.809,152817,AM1V310 @334858,65513,608F0100,1022.4,
13/07/2021 09:37:04.319,153327,AM1V310 @334858,65576,F78F0100,1023.91,
13/07/2021 09:37:04.813,153821,AM1V310 @334858,65638,68910100,1027.6,
13/07/2021 09:37:05.309,154317,AM1V310 @334858,65701,23910100,1026.91,
13/07/2021 09:37:05.836,154844,AM1V310 @334858,65763,618F0100,1022.41,
13/07/2021 09:37:06.315,155322,AM1V310 @334858,65826,05900100,1024.05,
13/07/2021 09:37:06.808,155816,AM1V310 @334858,65888,9E910100,1028.14,
13/07/2021 09:37:07.334,156341,AM1V310 @334858,65951,F2900100,1026.42,
13/07/2021 09:37:07.814,156822,AM1V310 @334858,66013,628F0100,1022.42,
13/07/2021 09:37:08.327,157334,AM1V310 @334858,66076,00900100,1024.0,
13/07/2021 09:37:08.806,157814,AM1V310 @334858,66138,6B910100,1027.63,
13/07/2021 09:37:09.330,158338,AM1V310 @334858,66201,DE900100,1026.22,
13/07/2021 09:37:09.810,158818,AM1V310 @334858,66263,608F0100,1022.4,
13/07/2021 09:37:10.336,159344,AM1V310 @334858,66326,BF8F0100,1023.35,
13/07/2021 09:37:10.813,159821,AM1V310 @334858,66388,57910100,1027.43,
13/07/2021 09:37:11.308,160316,AM1V310 @334858,66451,D38F0100,1023.55,
13/07/2021 09:37:11.819,160827,AM1V310 @334858,66513,6D8F0100,1022.53,
13/07/2021 09:37:12.311,161319,AM1V310 @334858,66576,5B900100,1024.91,
13/07/2021 09:37:12.808,161816,AM1V310 @334858,66638,25910100,1026.93,
13/07/2021 09:37:13.318,162326,AM1V310 @334858,66701,D38F0100,1023.55,
13/07/2021 09:37:13.814,162822,AM1V310 @334858,66763,728F0100,1022.58,
13/07/2021 09:37:14.307,163315,AM1V310 @334858,66826,AF900100,1025.75,
13/07/2021 09:37:14.831,163839,AM1V310 @334858,66888,9A910100,1028.1,
13/07/2021 09:37:15.313,164321,AM1V310 @334858,66951,FD8F0100,1023.97,
13/07/2021 09:37:15.809,164817,AM1V310 @334858,67013,6D8F0100,1022.53,
13/07/2021 09:37:16.334,165342,AM1V310 @334858,67076,93900100,1025.47,
13/07/2021 09:37:16.813,165821,AM1V310 @334858,67138,4F910100,1027.35,
13/07/2021 09:37:17.308,166316,AM1V310 @334858,67201,69900100,1025.05,
13/07/2021 09:37:17.819,166826,AM1V310 @334858,67263,668F0100,1022.46,
13/07/2021 09:37:18.329,167336,AM1V310 @334858,67326,2B900100,1024.43,
13/07/2021 09:37:18.809,167817,AM1V310 @334858,67388,CC910100,1028.6,
13/07/2021 09:37:19.330,168338,AM1V310 @334858,67451,D3900100,1026.11,
13/07/2021 09:37:19.810,168818,AM1V310 @334858,67513,7B8F0100,1022.67,
13/07/2021 09:37:20.308,169316,AM1V310 @334858,67576,67900100,1025.03,
13/07/2021 09:37:20.819,169827,AM1V310 @334858,67638,53910100,1027.39,
13/07/2021 09:37:21.313,170321,AM1V310 @334858,67701,B18F0100,1023.21,
13/07/2021 09:37:21.809,170817,AM1V310 @334858,67763,8E8F0100,1022.86,
13/07/2021 09:37:22.319,171327,AM1V310 @334858,67826,8E900100,1025.42,
13/07/2021 09:37:22.844,171852,AM1V310 @334858,67888,D7920100,1031.27,
13/07/2021 09:37:23.305,172313,AM1V310 @334858,67951,65900100,1025.01,
13/07/2021 09:37:23.816,172824,AM1V310 @334858,68013,608F0100,1022.4,
13/07/2021 09:37:24.314,173321,AM1V310 @334858,68076,AC900100,1025.72,
13/07/2021 09:37:24.809,173817,AM1V310 @334858,68138,88910100,1027.92,
13/07/2021 09:37:25.319,174327,AM1V310 @334858,68201,5B900100,1024.91,
13/07/2021 09:37:25.813,174821,AM1V310 @334858,68263,608F0100,1022.4,
13/07/2021 09:37:26.323,175331,AM1V310 @334858,68326,A48F0100,1023.08,
13/07/2021 09:37:26.845,175853,AM1V310 @334858,68388,12920100,1029.3,
13/07/2021 09:37:27.311,176319,AM1V310 @334858,68451,C08F0100,1023.36,
13/07/2021 09:37:27.806,176814,AM1V310 @334858,68513,668F0100,1022.46,
13/07/2021 09:37:28.317,177324,AM1V310 @334858,68576,0A900100,1024.1,
13/07/2021 09:37:28.814,177822,AM1V310 @334858,68638,E1910100,1028.81,
13/07/2021 09:37:29.308,178316,AM1V310 @334858,68701,C9900100,1026.01,
13/07/2021 09:37:29.818,178826,AM1V310 @334858,68763,6D8F0100,1022.53,
13/07/2021 09:37:30.329,179337,AM1V310 @334858,68826,B68F0100,1023.26,
13/07/2021 09:37:30.839,179846,AM1V310 @334858,68888,6C920100,1030.2,
13/07/2021 09:37:31.317,180325,AM1V310 @334858,68951,FD900100,1026.53,
13/07/2021 09:37:31.814,180822,AM1V310 @334858,69013,5B8F0100,1022.35,
13/07/2021 09:37:32.309,181316,AM1V310 @334858,69076,EF8F0100,1023.83,
13/07/2021 09:37:32.818,181826,AM1V310 @334858,69138,90910100,1028.0,
13/07/2021 09:37:33.312,182320,AM1V310 @334858,69201,56900100,1024.86,
13/07/2021 09:37:33.806,182814,AM1V310 @334858,69263,4F8F0100,1022.23,
13/07/2021 09:37:34.318,183326,AM1V310 @334858,69326,598F0100,1022.33,
13/07/2021 09:37:34.843,183851,AM1V310 @334858,69388,6D8F0100,1022.53,
13/07/2021 09:37:35.309,184316,AM1V310 @334858,69451,788F0100,1022.64,
13/07/2021 09:37:35.816,184824,AM1V310 @334858,69513,868F0100,1022.78,
13/07/2021 09:37:36.311,185319,AM1V310 @334858,69576,8E8F0100,1022.86,
