Log start on,2021-07-13 16:30:25
Feature,Pressure
Nodes,AM1V310 @334858, 
Date,HostTimestamp (ms),NodeName,NodeTimestamp,RawData,Pressure (mBar),
13/07/2021 16:30:25.582,501,AM1V310 @334858,47114,37900100,1024.55,
13/07/2021 16:30:26.077,996,AM1V310 @334858,47176,3A900100,1024.58,
13/07/2021 16:30:26.604,1523,AM1V310 @334858,47239,37910100,1027.11,
13/07/2021 16:30:27.069,1988,AM1V310 @334858,47301,949E0100,1061.32,
13/07/2021 16:30:27.595,2513,AM1V310 @334858,47364,D89D0100,1059.44,
13/07/2021 16:30:28.074,2993,AM1V310 @334858,47426,0B9D0100,1057.39,
13/07/2021 16:30:28.570,3489,AM1V310 @334858,47489,789C0100,1055.92,
13/07/2021 16:30:29.080,3999,AM1V310 @334858,47551,F89B0100,1054.64,
13/07/2021 16:30:29.590,4509,AM1V310 @334858,47614,8E9B0100,1053.58,
13/07/2021 16:30:30.100,5019,AM1V310 @334858,47676,1D9B0100,1052.45,
13/07/2021 16:30:30.579,5498,AM1V310 @334858,47739,B99A0100,1051.45,
13/07/2021 16:30:31.074,5993,AM1V310 @334858,47801,609A0100,1050.56,
13/07/2021 16:30:31.569,6488,AM1V310 @334858,47864,20990100,1047.36,
13/07/2021 16:30:32.079,6998,AM1V310 @334858,47926,0E8C0100,1013.9,
13/07/2021 16:30:32.574,7493,AM1V310 @334858,47989,428C0100,1014.42,
13/07/2021 16:30:33.070,7989,AM1V310 @334858,48051,429B0100,1052.82,
13/07/2021 16:30:33.578,8497,AM1V310 @334858,48114,F39A0100,1052.03,
13/07/2021 16:30:34.074,8993,AM1V310 @334858,48176,3A9A0100,1050.18,
13/07/2021 16:30:34.557,9476,AM1V310 @334858,48239,D6990100,1049.18,
13/07/2021 16:30:35.082,10001,AM1V310 @334858,48301,71990100,1048.17,
13/07/2021 16:30:35.572,10491,AM1V310 @334858,48364,23990100,1047.39,
13/07/2021 16:30:36.069,10988,AM1V310 @334858,48426,C7980100,1046.47,
13/07/2021 16:30:36.579,11498,AM1V310 @334858,48489,78980100,1045.68,
13/07/2021 16:30:37.075,11994,AM1V310 @334858,48551,31980100,1044.97,
13/07/2021 16:30:37.570,12488,AM1V310 @334858,48614,E5970100,1044.21,
13/07/2021 16:30:38.080,12999,AM1V310 @334858,48676,10930100,1031.84,
13/07/2021 16:30:38.574,13493,AM1V310 @334858,48739,70890100,1007.2,
13/07/2021 16:30:39.069,13988,AM1V310 @334858,48801,D4960100,1041.48,
13/07/2021 16:30:39.594,14513,AM1V310 @334858,48864,EA960100,1041.7,
13/07/2021 16:30:40.075,14994,AM1V310 @334858,48926,6E960100,1040.46,
13/07/2021 16:30:40.569,15488,AM1V310 @334858,48989,30960100,1039.84,
13/07/2021 16:30:41.080,15998,AM1V310 @334858,49051,F9950100,1039.29,
13/07/2021 16:30:41.601,16520,AM1V310 @334858,49114,C5950100,1038.77,
13/07/2021 16:30:42.069,16988,AM1V310 @334858,49176,8E950100,1038.22,
13/07/2021 16:30:42.595,17514,AM1V310 @334858,49239,57950100,1037.67,
13/07/2021 16:30:43.077,17996,AM1V310 @334858,49301,1C950100,1037.08,
13/07/2021 16:30:43.569,18488,AM1V310 @334858,49364,82930100,1032.98,
13/07/2021 16:30:44.079,18998,AM1V310 @334858,49426,45880100,1004.21,
13/07/2021 16:30:44.592,19511,AM1V310 @334858,49489,488A0100,1009.36,
13/07/2021 16:30:45.072,19991,AM1V310 @334858,49551,32960100,1039.86,
13/07/2021 16:30:45.607,20526,AM1V310 @334858,49614,A2950100,1038.42,
13/07/2021 16:30:46.089,21008,AM1V310 @334858,49676,1F950100,1037.11,
13/07/2021 16:30:46.572,21491,AM1V310 @334858,49739,C4940100,1036.2,
13/07/2021 16:30:47.097,22016,AM1V310 @334858,49801,86940100,1035.58,
13/07/2021 16:30:47.574,22493,AM1V310 @334858,49864,59940100,1035.13,
13/07/2021 16:30:48.066,22985,AM1V310 @334858,49926,31940100,1034.73,
13/07/2021 16:30:48.576,23495,AM1V310 @334858,49989,0F940100,1034.39,
13/07/2021 16:30:49.074,23993,AM1V310 @334858,50051,E3930100,1033.95,
13/07/2021 16:30:49.567,24485,AM1V310 @334858,50114,BA930100,1033.54,
13/07/2021 16:30:50.077,24996,AM1V310 @334858,50176,B78B0100,1013.03,
13/07/2021 16:30:50.574,25493,AM1V310 @334858,50239,8B870100,1002.35,
13/07/2021 16:30:51.099,26018,AM1V310 @334858,50301,C2940100,1036.18,
13/07/2021 16:30:51.579,26498,AM1V310 @334858,50364,56940100,1035.1,
13/07/2021 16:30:52.075,26993,AM1V310 @334858,50426,07940100,1034.31,
13/07/2021 16:30:52.567,27486,AM1V310 @334858,50489,E1930100,1033.93,
13/07/2021 16:30:53.079,27998,AM1V310 @334858,50551,A6930100,1033.34,
13/07/2021 16:30:53.574,28493,AM1V310 @334858,50614,73930100,1032.83,
13/07/2021 16:30:54.070,28988,AM1V310 @334858,50676,4A930100,1032.42,
13/07/2021 16:30:54.579,29497,AM1V310 @334858,50739,27930100,1032.07,
13/07/2021 16:30:55.104,30023,AM1V310 @334858,50801,14930100,1031.88,
13/07/2021 16:30:55.585,30503,AM1V310 @334858,50864,E4920100,1031.4,
13/07/2021 16:30:56.079,30998,AM1V310 @334858,50926,52900100,1024.82,
13/07/2021 16:30:56.574,31493,AM1V310 @334858,50989,6A860100,999.46,
13/07/2021 16:30:57.069,31988,AM1V310 @334858,51051,94920100,1030.6,
13/07/2021 16:30:57.577,32496,AM1V310 @334858,51114,DF930100,1033.91,
13/07/2021 16:30:58.075,32993,AM1V310 @334858,51176,39930100,1032.25,
13/07/2021 16:30:58.569,33488,AM1V310 @334858,51239,E9920100,1031.45,
13/07/2021 16:30:59.107,34026,AM1V310 @334858,51301,DB920100,1031.31,
13/07/2021 16:30:59.589,34508,AM1V310 @334858,51364,BF920100,1031.03,
13/07/2021 16:31:00.069,34988,AM1V310 @334858,51426,98920100,1030.64,
13/07/2021 16:31:00.579,35498,AM1V310 @334858,51489,78920100,1030.32,
13/07/2021 16:31:01.074,35993,AM1V310 @334858,51551,54920100,1029.96,
13/07/2021 16:31:01.570,36489,AM1V310 @334858,51614,5D920100,1030.05,
13/07/2021 16:31:02.096,37014,AM1V310 @334858,51676,88910100,1027.92,
13/07/2021 16:31:02.574,37493,AM1V310 @334858,51739,0D860100,998.53,
13/07/2021 16:31:03.067,37986,AM1V310 @334858,51801,B4920100,1030.92,
13/07/2021 16:31:03.595,38514,AM1V310 @334858,51864,43930100,1032.35,
13/07/2021 16:31:04.074,38993,AM1V310 @334858,51926,E4920100,1031.4,
13/07/2021 16:31:04.569,39488,AM1V310 @334858,51989,9E920100,1030.7,
13/07/2021 16:31:05.079,39998,AM1V310 @334858,52051,73920100,1030.27,
13/07/2021 16:31:05.575,40494,AM1V310 @334858,52114,4E920100,1029.9,
13/07/2021 16:31:06.067,40986,AM1V310 @334858,52176,30920100,1029.6,
13/07/2021 16:31:06.579,41498,AM1V310 @334858,52239,11920100,1029.29,
13/07/2021 16:31:07.075,41993,AM1V310 @334858,52301,F0910100,1028.96,
13/07/2021 16:31:07.581,42500,AM1V310 @334858,52364,D1910100,1028.65,
13/07/2021 16:31:08.079,42998,AM1V310 @334858,52426,72910100,1027.7,
13/07/2021 16:31:08.574,43493,AM1V310 @334858,52489,98850100,997.36,
13/07/2021 16:31:09.069,43988,AM1V310 @334858,52551,5D920100,1030.05,
13/07/2021 16:31:09.579,44498,AM1V310 @334858,52614,79920100,1030.33,
13/07/2021 16:31:10.074,44993,AM1V310 @334858,52676,21920100,1029.45,
13/07/2021 16:31:10.569,45488,AM1V310 @334858,52739,E0910100,1028.8,
13/07/2021 16:31:11.064,45983,AM1V310 @334858,52801,BC910100,1028.44,
13/07/2021 16:31:11.574,46493,AM1V310 @334858,52864,9D910100,1028.13,
13/07/2021 16:31:12.100,47018,AM1V310 @334858,52926,91910100,1028.01,
13/07/2021 16:31:12.562,47481,AM1V310 @334858,52989,80910100,1027.84,
13/07/2021 16:31:13.072,47991,AM1V310 @334858,53051,77910100,1027.75,
13/07/2021 16:31:13.570,48489,AM1V310 @334858,53114,47910100,1027.27,
13/07/2021 16:31:14.064,48983,AM1V310 @334858,53176,FB850100,998.35,
13/07/2021 16:31:14.571,49490,AM1V310 @334858,53239,20890100,1006.4,
13/07/2021 16:31:15.068,49986,AM1V310 @334858,53301,F4920100,1031.56,
13/07/2021 16:31:15.594,50513,AM1V310 @334858,53364,71920100,1030.25,
13/07/2021 16:31:16.087,51006,AM1V310 @334858,53426,10920100,1029.28,
13/07/2021 16:31:16.569,51488,AM1V310 @334858,53489,D9910100,1028.73,
13/07/2021 16:31:17.064,51983,AM1V310 @334858,53551,B4910100,1028.36,
13/07/2021 16:31:17.574,52493,AM1V310 @334858,53614,91910100,1028.01,
13/07/2021 16:31:18.069,52988,AM1V310 @334858,53676,7B910100,1027.79,
13/07/2021 16:31:18.565,53484,AM1V310 @334858,53739,62910100,1027.54,
13/07/2021 16:31:19.075,53994,AM1V310 @334858,53801,4D910100,1027.33,
13/07/2021 16:31:19.584,54503,AM1V310 @334858,53864,40910100,1027.2,
13/07/2021 16:31:20.064,54983,AM1V310 @334858,53926,1B8D0100,1016.59,
13/07/2021 16:31:20.589,55508,AM1V310 @334858,53989,10850100,996.0,
13/07/2021 16:31:21.069,55988,AM1V310 @334858,54051,4B8E0100,1019.63,
13/07/2021 16:31:21.563,56482,AM1V310 @334858,54114,45920100,1029.81,
13/07/2021 16:31:22.074,56993,AM1V310 @334858,54176,C4910100,1028.52,
13/07/2021 16:31:22.567,57486,AM1V310 @334858,54239,73910100,1027.71,
13/07/2021 16:31:23.064,57983,AM1V310 @334858,54301,57910100,1027.43,
13/07/2021 16:31:23.574,58493,AM1V310 @334858,54364,40910100,1027.2,
13/07/2021 16:31:24.099,59018,AM1V310 @334858,54426,33910100,1027.07,
13/07/2021 16:31:24.564,59483,AM1V310 @334858,54489,18910100,1026.8,
13/07/2021 16:31:25.072,59991,AM1V310 @334858,54551,04910100,1026.6,
13/07/2021 16:31:25.567,60486,AM1V310 @334858,54614,F6900100,1026.46,
13/07/2021 16:31:26.064,60983,AM1V310 @334858,54676,D7890100,1008.23,
13/07/2021 16:31:26.572,61491,AM1V310 @334858,54739,44850100,996.52,
13/07/2021 16:31:27.069,61988,AM1V310 @334858,54801,3B910100,1027.15,
13/07/2021 16:31:27.564,62483,AM1V310 @334858,54864,B0920100,1030.88,
13/07/2021 16:31:28.104,63023,AM1V310 @334858,54926,1D920100,1029.41,
13/07/2021 16:31:28.585,63503,AM1V310 @334858,54989,C0910100,1028.48,
13/07/2021 16:31:29.064,63983,AM1V310 @334858,55051,8B910100,1027.95,
13/07/2021 16:31:29.575,64493,AM1V310 @334858,55114,70910100,1027.68,
13/07/2021 16:31:30.069,64988,AM1V310 @334858,55176,4E910100,1027.34,
13/07/2021 16:31:30.564,65483,AM1V310 @334858,55239,3F910100,1027.19,
13/07/2021 16:31:31.074,65993,AM1V310 @334858,55301,3F910100,1027.19,
13/07/2021 16:31:31.569,66488,AM1V310 @334858,55364,20910100,1026.88,
13/07/2021 16:31:32.094,67013,AM1V310 @334858,55426,AB8D0100,1018.03,
13/07/2021 16:31:32.575,67494,AM1V310 @334858,55489,2E850100,996.3,
13/07/2021 16:31:33.069,67988,AM1V310 @334858,55551,F08F0100,1023.84,
13/07/2021 16:31:33.562,68481,AM1V310 @334858,55614,9C920100,1030.68,
13/07/2021 16:31:34.090,69008,AM1V310 @334858,55676,13920100,1029.31,
13/07/2021 16:31:34.569,69488,AM1V310 @334858,55739,DD910100,1028.77,
13/07/2021 16:31:35.064,69983,AM1V310 @334858,55801,B4910100,1028.36,
13/07/2021 16:31:35.575,70494,AM1V310 @334858,55864,8E910100,1027.98,
13/07/2021 16:31:36.067,70986,AM1V310 @334858,55926,7B910100,1027.79,
13/07/2021 16:31:36.594,71513,AM1V310 @334858,55989,4A910100,1027.3,
13/07/2021 16:31:37.075,71994,AM1V310 @334858,56051,34910100,1027.08,
13/07/2021 16:31:37.567,72486,AM1V310 @334858,56114,23910100,1026.91,
13/07/2021 16:31:38.064,72983,AM1V310 @334858,56176,108F0100,1021.6,
13/07/2021 16:31:38.574,73493,AM1V310 @334858,56239,2E850100,996.3,
13/07/2021 16:31:39.069,73988,AM1V310 @334858,56301,628E0100,1019.86,
13/07/2021 16:31:39.564,74483,AM1V310 @334858,56364,60920100,1030.08,
13/07/2021 16:31:40.089,75008,AM1V310 @334858,56426,F0910100,1028.96,
13/07/2021 16:31:40.569,75488,AM1V310 @334858,56489,9D910100,1028.13,
13/07/2021 16:31:41.064,75983,AM1V310 @334858,56551,73910100,1027.71,
13/07/2021 16:31:41.574,76493,AM1V310 @334858,56614,4F910100,1027.35,
13/07/2021 16:31:42.070,76988,AM1V310 @334858,56676,4C910100,1027.32,
13/07/2021 16:31:42.564,77483,AM1V310 @334858,56739,32910100,1027.06,
13/07/2021 16:31:43.074,77993,AM1V310 @334858,56801,3D910100,1027.17,
13/07/2021 16:31:43.569,78488,AM1V310 @334858,56864,24910100,1026.92,
13/07/2021 16:31:44.094,79013,AM1V310 @334858,56926,798E0100,1020.09,
13/07/2021 16:31:44.574,79493,AM1V310 @334858,56989,32850100,996.34,
13/07/2021 16:31:45.069,79988,AM1V310 @334858,57051,EA890100,1008.42,
13/07/2021 16:31:45.564,80483,AM1V310 @334858,57114,82920100,1030.42,
13/07/2021 16:31:46.074,80993,AM1V310 @334858,57176,05920100,1029.17,
13/07/2021 16:31:46.569,81488,AM1V310 @334858,57239,A6910100,1028.22,
13/07/2021 16:31:47.062,81981,AM1V310 @334858,57301,7E910100,1027.82,
13/07/2021 16:31:47.573,82492,AM1V310 @334858,57364,55910100,1027.41,
13/07/2021 16:31:48.099,83018,AM1V310 @334858,57426,3E910100,1027.18,
13/07/2021 16:31:48.579,83498,AM1V310 @334858,57489,2C910100,1027.0,
13/07/2021 16:31:49.090,84008,AM1V310 @334858,57551,34910100,1027.08,
13/07/2021 16:31:49.570,84489,AM1V310 @334858,57614,27910100,1026.95,
13/07/2021 16:31:50.063,84982,AM1V310 @334858,57676,BA900100,1025.86,
13/07/2021 16:31:50.574,85493,AM1V310 @334858,57739,88850100,997.2,
13/07/2021 16:31:51.069,85988,AM1V310 @334858,57801,8D8B0100,1012.61,
13/07/2021 16:31:51.564,86483,AM1V310 @334858,57864,42920100,1029.78,
13/07/2021 16:31:52.103,87022,AM1V310 @334858,57926,F1910100,1028.97,
13/07/2021 16:31:52.582,87501,AM1V310 @334858,57989,7A910100,1027.78,
13/07/2021 16:31:53.064,87983,AM1V310 @334858,58051,43910100,1027.23,
13/07/2021 16:31:53.574,88493,AM1V310 @334858,58114,32910100,1027.06,
13/07/2021 16:31:54.070,88989,AM1V310 @334858,58176,40910100,1027.2,
13/07/2021 16:31:54.565,89484,AM1V310 @334858,58239,2E910100,1027.02,
13/07/2021 16:31:55.074,89993,AM1V310 @334858,58301,1B910100,1026.83,
13/07/2021 16:31:55.569,90488,AM1V310 @334858,58364,0F910100,1026.71,
13/07/2021 16:31:56.095,91014,AM1V310 @334858,58426,BC900100,1025.88,
13/07/2021 16:31:56.574,91493,AM1V310 @334858,58489,65850100,996.85,
13/07/2021 16:31:57.069,91988,AM1V310 @334858,58551,09870100,1001.05,
13/07/2021 16:31:57.564,92483,AM1V310 @334858,58614,68920100,1030.16,
13/07/2021 16:31:58.059,92978,AM1V310 @334858,58676,01920100,1029.13,
13/07/2021 16:31:58.567,93486,AM1V310 @334858,58739,9D910100,1028.13,
13/07/2021 16:31:59.065,93983,AM1V310 @334858,58801,5C910100,1027.48,
13/07/2021 16:31:59.559,94478,AM1V310 @334858,58864,3A910100,1027.14,
13/07/2021 16:32:00.099,95018,AM1V310 @334858,58926,24910100,1026.92,
13/07/2021 16:32:00.579,95498,AM1V310 @334858,58989,F8900100,1026.48,
13/07/2021 16:32:01.059,95978,AM1V310 @334858,59051,EA900100,1026.34,
13/07/2021 16:32:01.569,96487,AM1V310 @334858,59114,DA900100,1026.18,
13/07/2021 16:32:02.064,96983,AM1V310 @334858,59176,D7900100,1026.15,
13/07/2021 16:32:02.559,97478,AM1V310 @334858,59239,62880100,1004.5,
13/07/2021 16:32:03.069,97988,AM1V310 @334858,59301,EB850100,998.19,
13/07/2021 16:32:03.564,98483,AM1V310 @334858,59364,06920100,1029.18,
13/07/2021 16:32:04.057,98976,AM1V310 @334858,59426,A5910100,1028.21,
13/07/2021 16:32:04.569,99487,AM1V310 @334858,59489,59910100,1027.45,
13/07/2021 16:32:05.094,100013,AM1V310 @334858,59551,20910100,1026.88,
13/07/2021 16:32:05.574,100493,AM1V310 @334858,59614,1C910100,1026.84,
13/07/2021 16:32:06.083,101002,AM1V310 @334858,59676,23910100,1026.91,
13/07/2021 16:32:06.564,101483,AM1V310 @334858,59739,0F910100,1026.71,
13/07/2021 16:32:07.059,101978,AM1V310 @334858,59801,04910100,1026.6,
13/07/2021 16:32:07.567,102486,AM1V310 @334858,59864,D5900100,1026.13,
13/07/2021 16:32:08.064,102983,AM1V310 @334858,59926,DC900100,1026.2,
13/07/2021 16:32:08.589,103508,AM1V310 @334858,59989,D5890100,1008.21,
13/07/2021 16:32:09.069,103988,AM1V310 @334858,60051,8A850100,997.22,
13/07/2021 16:32:09.579,104498,AM1V310 @334858,60114,92920100,1030.58,
13/07/2021 16:32:10.059,104978,AM1V310 @334858,60176,8E920100,1030.54,
13/07/2021 16:32:10.567,105486,AM1V310 @334858,60239,2F920100,1029.59,
13/07/2021 16:32:11.064,105983,AM1V310 @334858,60301,E2910100,1028.82,
13/07/2021 16:32:11.557,106476,AM1V310 @334858,60364,B9910100,1028.41,
13/07/2021 16:32:12.069,106988,AM1V310 @334858,60426,A3910100,1028.19,
13/07/2021 16:32:12.564,107483,AM1V310 @334858,60489,8B910100,1027.95,
13/07/2021 16:32:13.074,107993,AM1V310 @334858,60551,80910100,1027.84,
13/07/2021 16:32:13.597,108516,AM1V310 @334858,60614,67910100,1027.59,
13/07/2021 16:32:14.064,108983,AM1V310 @334858,60676,54910100,1027.4,
13/07/2021 16:32:14.559,109478,AM1V310 @334858,60739,BF850100,997.75,
13/07/2021 16:32:15.069,109988,AM1V310 @334858,60801,68860100,999.44,
13/07/2021 16:32:15.564,110483,AM1V310 @334858,60864,95920100,1030.61,
13/07/2021 16:32:16.060,110979,AM1V310 @334858,60926,50920100,1029.92,
13/07/2021 16:32:16.569,111488,AM1V310 @334858,60989,13920100,1029.31,
13/07/2021 16:32:17.079,111998,AM1V310 @334858,61051,D5910100,1028.69,
13/07/2021 16:32:17.559,112478,AM1V310 @334858,61114,C0910100,1028.48,
13/07/2021 16:32:18.069,112988,AM1V310 @334858,61176,9E910100,1028.14,
13/07/2021 16:32:18.564,113483,AM1V310 @334858,61239,80910100,1027.84,
13/07/2021 16:32:19.057,113976,AM1V310 @334858,61301,69910100,1027.61,
13/07/2021 16:32:19.567,114486,AM1V310 @334858,61364,61910100,1027.53,
13/07/2021 16:32:20.063,114982,AM1V310 @334858,61426,7D900100,1025.25,
13/07/2021 16:32:20.559,115478,AM1V310 @334858,61489,53850100,996.67,
13/07/2021 16:32:21.085,116004,AM1V310 @334858,61551,C8860100,1000.4,
13/07/2021 16:32:21.564,116483,AM1V310 @334858,61614,AE920100,1030.86,
13/07/2021 16:32:22.059,116978,AM1V310 @334858,61676,5A920100,1030.02,
13/07/2021 16:32:22.569,117488,AM1V310 @334858,61739,FA910100,1029.06,
13/07/2021 16:32:23.064,117983,AM1V310 @334858,61801,B4910100,1028.36,
13/07/2021 16:32:23.559,118478,AM1V310 @334858,61864,85910100,1027.89,
13/07/2021 16:32:24.069,118988,AM1V310 @334858,61926,61910100,1027.53,
13/07/2021 16:32:24.564,119483,AM1V310 @334858,61989,5E910100,1027.5,
13/07/2021 16:32:25.059,119978,AM1V310 @334858,62051,6F910100,1027.67,
13/07/2021 16:32:25.584,120503,AM1V310 @334858,62114,58910100,1027.44,
13/07/2021 16:32:26.064,120983,AM1V310 @334858,62176,41910100,1027.21,
13/07/2021 16:32:26.559,121478,AM1V310 @334858,62239,7B880100,1004.75,
13/07/2021 16:32:27.069,121988,AM1V310 @334858,62301,40850100,996.48,
13/07/2021 16:32:27.564,122483,AM1V310 @334858,62364,B9910100,1028.41,
13/07/2021 16:32:28.059,122978,AM1V310 @334858,62426,34920100,1029.64,
13/07/2021 16:32:28.569,123488,AM1V310 @334858,62489,DE910100,1028.78,
13/07/2021 16:32:29.079,123998,AM1V310 @334858,62551,AD910100,1028.29,
13/07/2021 16:32:29.559,124478,AM1V310 @334858,62614,92910100,1028.02,
13/07/2021 16:32:30.069,124988,AM1V310 @334858,62676,69910100,1027.61,
13/07/2021 16:32:30.562,125481,AM1V310 @334858,62739,64910100,1027.56,
13/07/2021 16:32:31.073,125992,AM1V310 @334858,62801,40910100,1027.2,
13/07/2021 16:32:31.569,126488,AM1V310 @334858,62864,1C910100,1026.84,
13/07/2021 16:32:32.064,126983,AM1V310 @334858,62926,21910100,1026.89,
13/07/2021 16:32:32.559,127478,AM1V310 @334858,62989,13880100,1003.71,
13/07/2021 16:32:33.069,127988,AM1V310 @334858,63051,45850100,996.53,
13/07/2021 16:32:33.593,128512,AM1V310 @334858,63114,CA910100,1028.58,
13/07/2021 16:32:34.059,128978,AM1V310 @334858,63176,E2910100,1028.82,
13/07/2021 16:32:34.569,129488,AM1V310 @334858,63239,8B910100,1027.95,
13/07/2021 16:32:35.064,129983,AM1V310 @334858,63301,63910100,1027.55,
13/07/2021 16:32:35.559,130478,AM1V310 @334858,63364,4C910100,1027.32,
13/07/2021 16:32:36.069,130988,AM1V310 @334858,63426,2D910100,1027.01,
13/07/2021 16:32:36.561,131480,AM1V310 @334858,63489,27910100,1026.95,
13/07/2021 16:32:37.059,131978,AM1V310 @334858,63551,0C910100,1026.68,
13/07/2021 16:32:37.569,132488,AM1V310 @334858,63614,07910100,1026.63,
13/07/2021 16:32:38.094,133013,AM1V310 @334858,63676,F6900100,1026.46,
13/07/2021 16:32:38.559,133478,AM1V310 @334858,63739,79890100,1007.29,
13/07/2021 16:32:39.069,133988,AM1V310 @334858,63801,45850100,996.53,
13/07/2021 16:32:39.564,134483,AM1V310 @334858,63864,4D910100,1027.33,
13/07/2021 16:32:40.059,134977,AM1V310 @334858,63926,0A920100,1029.22,
13/07/2021 16:32:40.569,135488,AM1V310 @334858,63989,A3910100,1028.19,
13/07/2021 16:32:41.065,135984,AM1V310 @334858,64051,78910100,1027.76,
13/07/2021 16:32:41.558,136477,AM1V310 @334858,64114,5B910100,1027.47,
13/07/2021 16:32:42.083,137002,AM1V310 @334858,64176,47910100,1027.27,
13/07/2021 16:32:42.564,137483,AM1V310 @334858,64239,3C910100,1027.16,
13/07/2021 16:32:43.059,137978,AM1V310 @334858,64301,28910100,1026.96,
13/07/2021 16:32:43.552,138470,AM1V310 @334858,64364,13910100,1026.75,
13/07/2021 16:32:44.064,138983,AM1V310 @334858,64426,FD900100,1026.53,
13/07/2021 16:32:44.560,139479,AM1V310 @334858,64489,D48B0100,1013.32,
13/07/2021 16:32:45.052,139971,AM1V310 @334858,64551,3F850100,996.47,
13/07/2021 16:32:45.576,140495,AM1V310 @334858,64614,FE8E0100,1021.42,
13/07/2021 16:32:46.057,140976,AM1V310 @334858,64676,90920100,1030.56,
13/07/2021 16:32:46.554,141473,AM1V310 @334858,64739,1E920100,1029.42,
13/07/2021 16:32:47.064,141983,AM1V310 @334858,64801,D7910100,1028.71,
13/07/2021 16:32:47.559,142478,AM1V310 @334858,64864,A3910100,1028.19,
13/07/2021 16:32:48.055,142974,AM1V310 @334858,64926,74910100,1027.72,
13/07/2021 16:32:48.565,143484,AM1V310 @334858,64989,61910100,1027.53,
13/07/2021 16:32:49.059,143978,AM1V310 @334858,65051,4C910100,1027.32,
13/07/2021 16:32:49.569,144488,AM1V310 @334858,65114,3A910100,1027.14,
13/07/2021 16:32:50.094,145013,AM1V310 @334858,65176,34910100,1027.08,
13/07/2021 16:32:50.559,145478,AM1V310 @334858,65239,FE8F0100,1023.98,
13/07/2021 16:32:51.052,145971,AM1V310 @334858,65301,57850100,996.71,
13/07/2021 16:32:51.564,146483,AM1V310 @334858,65364,A98E0100,1020.57,
13/07/2021 16:32:52.059,146978,AM1V310 @334858,65426,1F920100,1029.43,
13/07/2021 16:32:52.554,147473,AM1V310 @334858,65489,AA910100,1028.26,
13/07/2021 16:32:53.063,147982,AM1V310 @334858,65551,6D910100,1027.65,
13/07/2021 16:32:53.587,148506,AM1V310 @334858,65614,4C910100,1027.32,
13/07/2021 16:32:54.069,148988,AM1V310 @334858,65676,35910100,1027.09,
13/07/2021 16:32:54.564,149483,AM1V310 @334858,65739,2F910100,1027.03,
13/07/2021 16:32:55.059,149977,AM1V310 @334858,65801,28910100,1026.96,
13/07/2021 16:32:55.554,150473,AM1V310 @334858,65864,1E910100,1026.86,
13/07/2021 16:32:56.064,150983,AM1V310 @334858,65926,0C910100,1026.68,
13/07/2021 16:32:56.559,151478,AM1V310 @334858,65989,D08D0100,1018.4,
13/07/2021 16:32:57.052,151971,AM1V310 @334858,66051,40850100,996.48,
13/07/2021 16:32:57.564,152483,AM1V310 @334858,66114,418D0100,1016.97,
13/07/2021 16:32:58.087,153006,AM1V310 @334858,66176,51920100,1029.93,
13/07/2021 16:32:58.569,153488,AM1V310 @334858,66239,EB910100,1028.91,
13/07/2021 16:32:59.061,153980,AM1V310 @334858,66301,93910100,1028.03,
13/07/2021 16:32:59.559,154478,AM1V310 @334858,66364,6C910100,1027.64,
13/07/2021 16:33:00.055,154974,AM1V310 @334858,66426,59910100,1027.45,
13/07/2021 16:33:00.564,155483,AM1V310 @334858,66489,53910100,1027.39,
13/07/2021 16:33:01.058,155977,AM1V310 @334858,66551,3C910100,1027.16,
13/07/2021 16:33:01.554,156473,AM1V310 @334858,66614,2F910100,1027.03,
13/07/2021 16:33:02.079,156998,AM1V310 @334858,66676,20910100,1026.88,
13/07/2021 16:33:02.559,157478,AM1V310 @334858,66739,AD8F0100,1023.17,
13/07/2021 16:33:03.068,157987,AM1V310 @334858,66801,50850100,996.64,
13/07/2021 16:33:03.564,158483,AM1V310 @334858,66864,BC8C0100,1015.64,
13/07/2021 16:33:04.059,158978,AM1V310 @334858,66926,40920100,1029.76,
13/07/2021 16:33:04.554,159473,AM1V310 @334858,66989,CD910100,1028.61,
13/07/2021 16:33:05.064,159983,AM1V310 @334858,67051,98910100,1028.08,
13/07/2021 16:33:05.559,160478,AM1V310 @334858,67114,72910100,1027.7,
13/07/2021 16:33:06.069,160988,AM1V310 @334858,67176,4A910100,1027.3,
13/07/2021 16:33:06.594,161513,AM1V310 @334858,67239,25910100,1026.93,
13/07/2021 16:33:07.059,161978,AM1V310 @334858,67301,0B910100,1026.67,
13/07/2021 16:33:07.550,162469,AM1V310 @334858,67364,3C910100,1027.16,
13/07/2021 16:33:08.063,162982,AM1V310 @334858,67426,25910100,1026.93,
13/07/2021 16:33:08.559,163478,AM1V310 @334858,67489,2E8F0100,1021.9,
13/07/2021 16:33:09.053,163972,AM1V310 @334858,67551,53850100,996.67,
13/07/2021 16:33:09.564,164483,AM1V310 @334858,67614,77870100,1002.15,
13/07/2021 16:33:10.057,164976,AM1V310 @334858,67676,66920100,1030.14,
13/07/2021 16:33:10.583,165502,AM1V310 @334858,67739,12920100,1029.3,
13/07/2021 16:33:11.064,165983,AM1V310 @334858,67801,C5910100,1028.53,
13/07/2021 16:33:11.559,166478,AM1V310 @334858,67864,A3910100,1028.19,
13/07/2021 16:33:12.054,166973,AM1V310 @334858,67926,79910100,1027.77,
13/07/2021 16:33:12.564,167482,AM1V310 @334858,67989,63910100,1027.55,
13/07/2021 16:33:13.059,167978,AM1V310 @334858,68051,4A910100,1027.3,
13/07/2021 16:33:13.554,168473,AM1V310 @334858,68114,30910100,1027.04,
13/07/2021 16:33:14.062,168981,AM1V310 @334858,68176,2F910100,1027.03,
13/07/2021 16:33:14.589,169508,AM1V310 @334858,68239,4F900100,1024.79,
13/07/2021 16:33:15.055,169973,AM1V310 @334858,68301,7D850100,997.09,
13/07/2021 16:33:15.565,170483,AM1V310 @334858,68364,18880100,1003.76,
13/07/2021 16:33:16.059,170978,AM1V310 @334858,68426,30920100,1029.6,
13/07/2021 16:33:16.554,171473,AM1V310 @334858,68489,E5910100,1028.85,
13/07/2021 16:33:17.064,171983,AM1V310 @334858,68551,A2910100,1028.18,
13/07/2021 16:33:17.556,172475,AM1V310 @334858,68614,91910100,1028.01,
13/07/2021 16:33:18.054,172973,AM1V310 @334858,68676,70910100,1027.68,
13/07/2021 16:33:18.579,173498,AM1V310 @334858,68739,5C910100,1027.48,
13/07/2021 16:33:19.059,173978,AM1V310 @334858,68801,49910100,1027.29,
13/07/2021 16:33:19.554,174473,AM1V310 @334858,68864,37910100,1027.11,
13/07/2021 16:33:20.064,174983,AM1V310 @334858,68926,25910100,1026.93,
13/07/2021 16:33:20.557,175476,AM1V310 @334858,68989,1E910100,1026.86,
13/07/2021 16:33:21.054,175973,AM1V310 @334858,69051,E7850100,998.15,
13/07/2021 16:33:21.564,176483,AM1V310 @334858,69114,91870100,1002.41,
13/07/2021 16:33:22.074,176993,AM1V310 @334858,69176,1C920100,1029.4,
13/07/2021 16:33:22.553,177472,AM1V310 @334858,69239,EF910100,1028.95,
13/07/2021 16:33:23.062,177981,AM1V310 @334858,69301,9D910100,1028.13,
13/07/2021 16:33:23.559,178478,AM1V310 @334858,69364,7D910100,1027.81,
13/07/2021 16:33:24.054,178972,AM1V310 @334858,69426,71910100,1027.69,
13/07/2021 16:33:24.561,179480,AM1V310 @334858,69489,57910100,1027.43,
13/07/2021 16:33:25.056,179975,AM1V310 @334858,69551,3E910100,1027.18,
13/07/2021 16:33:25.553,180472,AM1V310 @334858,69614,2F910100,1027.03,
13/07/2021 16:33:26.048,180967,AM1V310 @334858,69676,1E910100,1026.86,
13/07/2021 16:33:26.574,181493,AM1V310 @334858,69739,0D910100,1026.69,
13/07/2021 16:33:27.054,181973,AM1V310 @334858,69801,58870100,1001.84,
13/07/2021 16:33:27.549,182468,AM1V310 @334858,69864,92850100,997.3,
13/07/2021 16:33:28.057,182976,AM1V310 @334858,69926,26860100,998.78,
13/07/2021 16:33:28.554,183473,AM1V310 @334858,69989,A8860100,1000.08,
13/07/2021 16:33:29.046,183965,AM1V310 @334858,70051,13870100,1001.15,
13/07/2021 16:33:29.556,184475,AM1V310 @334858,70114,68870100,1002.0,
