Log start on,2021-07-12 16:17:57
Feature,Pressure
Nodes,AM1V310 @334858, 
Date,HostTimestamp (ms),NodeName,NodeTimestamp,RawData,Pressure (mBar),
12/07/2021 16:17:57.143,130,AM1V310 @334858,41560,428F0100,1022.1,
12/07/2021 16:17:57.638,625,AM1V310 @334858,41623,458F0100,1022.13,
12/07/2021 16:17:58.149,1136,AM1V310 @334858,41685,458F0100,1022.13,
12/07/2021 16:17:58.643,1630,AM1V310 @334858,41748,4B8F0100,1022.19,
12/07/2021 16:17:59.142,2128,AM1V310 @334858,41810,9C8F0100,1023.0,
12/07/2021 16:17:59.649,2636,AM1V310 @334858,41873,049B0100,1052.2,
12/07/2021 16:18:00.173,3160,AM1V310 @334858,41935,E0980100,1046.72,
12/07/2021 16:18:00.641,3628,AM1V310 @334858,41998,3A8E0100,1019.46,
12/07/2021 16:18:01.149,4136,AM1V310 @334858,42060,93910100,1028.03,
12/07/2021 16:18:01.647,4634,AM1V310 @334858,42123,F4990100,1049.48,
12/07/2021 16:18:02.157,5144,AM1V310 @334858,42185,7C960100,1040.6,
12/07/2021 16:18:02.652,5639,AM1V310 @334858,42248,858D0100,1017.65,
12/07/2021 16:18:03.161,6148,AM1V310 @334858,42310,23910100,1026.91,
12/07/2021 16:18:03.655,6642,AM1V310 @334858,42373,129A0100,1049.78,
12/07/2021 16:18:04.180,7167,AM1V310 @334858,42435,86970100,1043.26,
12/07/2021 16:18:04.661,7648,AM1V310 @334858,42498,158D0100,1016.53,
12/07/2021 16:18:05.140,8127,AM1V310 @334858,42560,2A8F0100,1021.86,
12/07/2021 16:18:05.650,8637,AM1V310 @334858,42623,80990100,1048.32,
12/07/2021 16:18:06.145,9132,AM1V310 @334858,42685,C6960100,1041.34,
12/07/2021 16:18:06.642,9629,AM1V310 @334858,42748,B08C0100,1015.52,
12/07/2021 16:18:07.149,10136,AM1V310 @334858,42810,A48F0100,1023.08,
12/07/2021 16:18:07.677,10664,AM1V310 @334858,42873,42990100,1047.7,
12/07/2021 16:18:08.154,11141,AM1V310 @334858,42935,2D960100,1039.81,
12/07/2021 16:18:08.648,11635,AM1V310 @334858,42998,4F8C0100,1014.55,
12/07/2021 16:18:09.145,12131,AM1V310 @334858,43060,F8910100,1029.04,
12/07/2021 16:18:09.639,12626,AM1V310 @334858,43123,CF980100,1046.55,
12/07/2021 16:18:10.149,13136,AM1V310 @334858,43185,3D930100,1032.29,
12/07/2021 16:18:10.645,13632,AM1V310 @334858,43248,E78B0100,1013.51,
12/07/2021 16:18:11.140,14127,AM1V310 @334858,43310,2F930100,1032.15,
12/07/2021 16:18:11.650,14637,AM1V310 @334858,43373,48980100,1045.2,
12/07/2021 16:18:12.159,15146,AM1V310 @334858,43435,0D930100,1031.81,
12/07/2021 16:18:12.641,15628,AM1V310 @334858,43498,8C8B0100,1012.6,
12/07/2021 16:18:13.137,16124,AM1V310 @334858,43560,CF900100,1026.07,
12/07/2021 16:18:13.644,16631,AM1V310 @334858,43623,D0970100,1044.0,
12/07/2021 16:18:14.142,17129,AM1V310 @334858,43685,01950100,1036.81,
12/07/2021 16:18:14.635,17622,AM1V310 @334858,43748,488B0100,1011.92,
12/07/2021 16:18:15.144,18131,AM1V310 @334858,43810,9A900100,1025.54,
12/07/2021 16:18:15.642,18629,AM1V310 @334858,43873,07980100,1044.55,
12/07/2021 16:18:16.136,19123,AM1V310 @334858,43935,53930100,1032.51,
12/07/2021 16:18:16.661,19648,AM1V310 @334858,43998,1E8B0100,1011.5,
12/07/2021 16:18:17.140,20127,AM1V310 @334858,44060,12900100,1024.18,
12/07/2021 16:18:17.637,20623,AM1V310 @334858,44123,A3970100,1043.55,
12/07/2021 16:18:18.144,21131,AM1V310 @334858,44185,96930100,1033.18,
12/07/2021 16:18:18.639,21626,AM1V310 @334858,44248,DB8A0100,1010.83,
12/07/2021 16:18:19.137,22124,AM1V310 @334858,44310,A78F0100,1023.11,
12/07/2021 16:18:19.645,22632,AM1V310 @334858,44373,4F970100,1042.71,
12/07/2021 16:18:20.172,23158,AM1V310 @334858,44435,EC930100,1034.04,
12/07/2021 16:18:20.650,23637,AM1V310 @334858,44498,988A0100,1010.16,
12/07/2021 16:18:21.146,24133,AM1V310 @334858,44560,DE900100,1026.22,
12/07/2021 16:18:21.642,24629,AM1V310 @334858,44623,A6970100,1043.58,
12/07/2021 16:18:22.166,25153,AM1V310 @334858,44685,8A930100,1033.06,
12/07/2021 16:18:22.662,25649,AM1V310 @334858,44748,678A0100,1009.67,
12/07/2021 16:18:23.155,26142,AM1V310 @334858,44810,7D8E0100,1020.13,
12/07/2021 16:18:23.650,26637,AM1V310 @334858,44873,49970100,1042.65,
12/07/2021 16:18:24.147,27134,AM1V310 @334858,44935,D6950100,1038.94,
12/07/2021 16:18:24.640,27627,AM1V310 @334858,44998,598A0100,1009.53,
12/07/2021 16:18:25.137,28124,AM1V310 @334858,45060,1F8D0100,1016.63,
12/07/2021 16:18:25.662,28649,AM1V310 @334858,45123,18970100,1042.16,
12/07/2021 16:18:26.140,29126,AM1V310 @334858,45185,8E950100,1038.22,
12/07/2021 16:18:26.637,29624,AM1V310 @334858,45248,598A0100,1009.53,
12/07/2021 16:18:27.145,30132,AM1V310 @334858,45310,738D0100,1017.47,
12/07/2021 16:18:27.641,30628,AM1V310 @334858,45373,C3960100,1041.31,
12/07/2021 16:18:28.137,31123,AM1V310 @334858,45435,A5950100,1038.45,
12/07/2021 16:18:28.645,31632,AM1V310 @334858,45498,078A0100,1008.71,
12/07/2021 16:18:29.171,32158,AM1V310 @334858,45560,5B8C0100,1014.67,
12/07/2021 16:18:29.651,32637,AM1V310 @334858,45623,84960100,1040.68,
12/07/2021 16:18:30.145,33132,AM1V310 @334858,45685,C7940100,1036.23,
12/07/2021 16:18:30.641,33628,AM1V310 @334858,45748,D3890100,1008.19,
12/07/2021 16:18:31.134,34121,AM1V310 @334858,45810,CB900100,1026.03,
12/07/2021 16:18:31.645,34632,AM1V310 @334858,45873,4D960100,1040.13,
12/07/2021 16:18:32.142,35128,AM1V310 @334858,45935,0A920100,1029.22,
12/07/2021 16:18:32.636,35623,AM1V310 @334858,45998,91890100,1007.53,
12/07/2021 16:18:33.161,36148,AM1V310 @334858,46060,76900100,1025.18,
12/07/2021 16:18:33.685,36672,AM1V310 @334858,46123,2C960100,1039.8,
12/07/2021 16:18:34.137,37124,AM1V310 @334858,46185,4A920100,1029.86,
12/07/2021 16:18:34.645,37632,AM1V310 @334858,46248,88890100,1007.44,
12/07/2021 16:18:35.141,38128,AM1V310 @334858,46310,EA900100,1026.34,
12/07/2021 16:18:35.650,38637,AM1V310 @334858,46373,27960100,1039.75,
12/07/2021 16:18:36.148,39135,AM1V310 @334858,46435,C3930100,1033.63,
12/07/2021 16:18:36.671,39658,AM1V310 @334858,46498,72890100,1007.22,
12/07/2021 16:18:37.165,40152,AM1V310 @334858,46560,06920100,1029.18,
12/07/2021 16:18:37.645,40632,AM1V310 @334858,46623,F7950100,1039.27,
12/07/2021 16:18:38.142,41128,AM1V310 @334858,46685,24920100,1029.48,
12/07/2021 16:18:38.635,41622,AM1V310 @334858,46748,33890100,1006.59,
12/07/2021 16:18:39.143,42130,AM1V310 @334858,46810,838E0100,1020.19,
12/07/2021 16:18:39.641,42628,AM1V310 @334858,46873,00960100,1039.36,
12/07/2021 16:18:40.136,43123,AM1V310 @334858,46935,82920100,1030.42,
12/07/2021 16:18:40.662,43649,AM1V310 @334858,46998,3F890100,1006.71,
12/07/2021 16:18:41.184,44170,AM1V310 @334858,47060,B0900100,1025.76,
12/07/2021 16:18:41.637,44623,AM1V310 @334858,47123,AD950100,1038.53,
12/07/2021 16:18:42.162,45149,AM1V310 @334858,47185,24920100,1029.48,
12/07/2021 16:18:42.640,45627,AM1V310 @334858,47248,0F890100,1006.23,
12/07/2021 16:18:43.135,46122,AM1V310 @334858,47310,088A0100,1008.72,
12/07/2021 16:18:43.646,46633,AM1V310 @334858,47373,7F950100,1038.07,
12/07/2021 16:18:44.141,47128,AM1V310 @334858,47435,D5930100,1033.81,
12/07/2021 16:18:44.665,47652,AM1V310 @334858,47498,4D890100,1006.85,
12/07/2021 16:18:45.177,48164,AM1V310 @334858,47560,498E0100,1019.61,
12/07/2021 16:18:45.641,48628,AM1V310 @334858,47623,A3950100,1038.43,
12/07/2021 16:18:46.134,49121,AM1V310 @334858,47685,48920100,1029.84,
12/07/2021 16:18:46.647,49634,AM1V310 @334858,47748,F3880100,1005.95,
12/07/2021 16:18:47.171,50158,AM1V310 @334858,47810,DB900100,1026.19,
12/07/2021 16:18:47.637,50624,AM1V310 @334858,47873,05950100,1036.85,
12/07/2021 16:18:48.146,51133,AM1V310 @334858,47935,09900100,1024.09,
12/07/2021 16:18:48.643,51629,AM1V310 @334858,47998,E9880100,1005.85,
12/07/2021 16:18:49.166,52153,AM1V310 @334858,48060,F88E0100,1021.36,
12/07/2021 16:18:49.647,52634,AM1V310 @334858,48123,18950100,1037.04,
12/07/2021 16:18:50.141,53128,AM1V310 @334858,48185,84910100,1027.88,
12/07/2021 16:18:50.636,53623,AM1V310 @334858,48248,F0880100,1005.92,
12/07/2021 16:18:51.147,54134,AM1V310 @334858,48310,368C0100,1014.3,
12/07/2021 16:18:51.640,54627,AM1V310 @334858,48373,57950100,1037.67,
12/07/2021 16:18:52.136,55123,AM1V310 @334858,48435,C4930100,1033.64,
12/07/2021 16:18:52.645,55632,AM1V310 @334858,48498,0D890100,1006.21,
12/07/2021 16:18:53.141,56128,AM1V310 @334858,48560,638B0100,1012.19,
12/07/2021 16:18:53.664,56651,AM1V310 @334858,48623,33950100,1037.31,
12/07/2021 16:18:54.161,57148,AM1V310 @334858,48685,A2940100,1035.86,
12/07/2021 16:18:54.639,57626,AM1V310 @334858,48748,96890100,1007.58,
12/07/2021 16:18:55.151,58138,AM1V310 @334858,48810,088A0100,1008.72,
12/07/2021 16:18:55.648,58635,AM1V310 @334858,48873,15950100,1037.01,
12/07/2021 16:18:56.141,59128,AM1V310 @334858,48935,A1940100,1035.85,
12/07/2021 16:18:56.634,59621,AM1V310 @334858,48998,86890100,1007.42,
12/07/2021 16:18:57.147,60133,AM1V310 @334858,49060,408A0100,1009.28,
12/07/2021 16:18:57.671,60658,AM1V310 @334858,49123,57950100,1037.67,
12/07/2021 16:18:58.150,61137,AM1V310 @334858,49185,1E950100,1037.1,
12/07/2021 16:18:58.629,61616,AM1V310 @334858,49248,F9890100,1008.57,
12/07/2021 16:18:59.140,62127,AM1V310 @334858,49310,1F8A0100,1008.95,
12/07/2021 16:18:59.635,62622,AM1V310 @334858,49373,A4950100,1038.44,
12/07/2021 16:19:00.129,63116,AM1V310 @334858,49435,7D950100,1038.05,
12/07/2021 16:19:00.650,63637,AM1V310 @334858,49498,46890100,1006.78,
12/07/2021 16:19:01.165,64151,AM1V310 @334858,49560,728B0100,1012.34,
12/07/2021 16:19:01.661,64647,AM1V310 @334858,49623,B8950100,1038.64,
12/07/2021 16:19:02.143,65129,AM1V310 @334858,49685,49940100,1034.97,
12/07/2021 16:19:02.636,65623,AM1V310 @334858,49748,E3880100,1005.79,
12/07/2021 16:19:03.131,66118,AM1V310 @334858,49810,928C0100,1015.22,
12/07/2021 16:19:03.642,66629,AM1V310 @334858,49873,96950100,1038.3,
12/07/2021 16:19:04.136,67123,AM1V310 @334858,49935,35920100,1029.65,
12/07/2021 16:19:04.630,67616,AM1V310 @334858,49998,D4880100,1005.64,
12/07/2021 16:19:05.156,68143,AM1V310 @334858,50060,988F0100,1022.96,
12/07/2021 16:19:05.650,68637,AM1V310 @334858,50123,40950100,1037.44,
12/07/2021 16:19:06.130,69117,AM1V310 @334858,50185,0D900100,1024.13,
12/07/2021 16:19:06.641,69628,AM1V310 @334858,50248,B0880100,1005.28,
12/07/2021 16:19:07.134,70121,AM1V310 @334858,50310,F18E0100,1021.29,
12/07/2021 16:19:07.631,70618,AM1V310 @334858,50373,24950100,1037.16,
12/07/2021 16:19:08.139,71126,AM1V310 @334858,50435,4B8E0100,1019.63,
12/07/2021 16:19:08.637,71623,AM1V310 @334858,50498,CF880100,1005.59,
12/07/2021 16:19:09.145,72132,AM1V310 @334858,50560,53900100,1024.83,
12/07/2021 16:19:09.657,72643,AM1V310 @334858,50623,30950100,1037.28,
12/07/2021 16:19:10.135,73122,AM1V310 @334858,50685,CE8C0100,1015.82,
12/07/2021 16:19:10.632,73619,AM1V310 @334858,50748,DC880100,1005.72,
12/07/2021 16:19:11.139,74126,AM1V310 @334858,50810,6C910100,1027.64,
12/07/2021 16:19:11.635,74622,AM1V310 @334858,50873,ED940100,1036.61,
12/07/2021 16:19:12.132,75119,AM1V310 @334858,50935,BD8D0100,1018.21,
12/07/2021 16:19:12.642,75629,AM1V310 @334858,50998,E6880100,1005.82,
12/07/2021 16:19:13.166,76153,AM1V310 @334858,51060,6D910100,1027.65,
12/07/2021 16:19:13.644,76631,AM1V310 @334858,51123,C0940100,1036.16,
12/07/2021 16:19:14.141,77128,AM1V310 @334858,51185,7F8B0100,1012.47,
12/07/2021 16:19:14.637,77624,AM1V310 @334858,51248,E9880100,1005.85,
12/07/2021 16:19:15.132,78119,AM1V310 @334858,51310,49920100,1029.85,
12/07/2021 16:19:15.641,78628,AM1V310 @334858,51373,1D950100,1037.09,
12/07/2021 16:19:16.137,79124,AM1V310 @334858,51435,E38C0100,1016.03,
12/07/2021 16:19:16.631,79618,AM1V310 @334858,51498,EE880100,1005.9,
12/07/2021 16:19:17.140,80127,AM1V310 @334858,51560,CD910100,1028.61,
12/07/2021 16:19:17.650,80637,AM1V310 @334858,51623,F7940100,1036.71,
12/07/2021 16:19:18.132,81118,AM1V310 @334858,51685,848E0100,1020.2,
12/07/2021 16:19:18.639,81625,AM1V310 @334858,51748,D1880100,1005.61,
12/07/2021 16:19:19.136,82123,AM1V310 @334858,51810,E2900100,1026.26,
12/07/2021 16:19:19.632,82619,AM1V310 @334858,51873,DA940100,1036.42,
12/07/2021 16:19:20.142,83129,AM1V310 @334858,51935,548F0100,1022.28,
12/07/2021 16:19:20.637,83624,AM1V310 @334858,51998,DB880100,1005.71,
12/07/2021 16:19:21.145,84132,AM1V310 @334858,52060,85910100,1027.89,
12/07/2021 16:19:21.641,84628,AM1V310 @334858,52123,8B940100,1035.63,
12/07/2021 16:19:22.137,85124,AM1V310 @334858,52185,868E0100,1020.22,
12/07/2021 16:19:22.631,85618,AM1V310 @334858,52248,DF880100,1005.75,
12/07/2021 16:19:23.140,86127,AM1V310 @334858,52310,A8900100,1025.68,
12/07/2021 16:19:23.636,86623,AM1V310 @334858,52373,C0940100,1036.16,
12/07/2021 16:19:24.132,87118,AM1V310 @334858,52435,858D0100,1017.65,
12/07/2021 16:19:24.639,87626,AM1V310 @334858,52498,D5880100,1005.65,
12/07/2021 16:19:25.137,88123,AM1V310 @334858,52560,078E0100,1018.95,
12/07/2021 16:19:25.661,88648,AM1V310 @334858,52623,4E950100,1037.58,
12/07/2021 16:19:26.172,89159,AM1V310 @334858,52685,3C930100,1032.28,
12/07/2021 16:19:26.650,89637,AM1V310 @334858,52748,01890100,1006.09,
12/07/2021 16:19:27.130,90117,AM1V310 @334858,52810,538F0100,1022.27,
12/07/2021 16:19:27.639,90626,AM1V310 @334858,52873,27950100,1037.19,
12/07/2021 16:19:28.138,91124,AM1V310 @334858,52935,F7910100,1029.03,
12/07/2021 16:19:28.644,91631,AM1V310 @334858,52998,BD880100,1005.41,
12/07/2021 16:19:29.142,92129,AM1V310 @334858,53060,028D0100,1016.34,
12/07/2021 16:19:29.636,92623,AM1V310 @334858,53123,4F950100,1037.59,
12/07/2021 16:19:30.160,93147,AM1V310 @334858,53185,8E930100,1033.1,
12/07/2021 16:19:30.641,93628,AM1V310 @334858,53248,E1880100,1005.77,
12/07/2021 16:19:31.136,94123,AM1V310 @334858,53310,4B8D0100,1017.07,
12/07/2021 16:19:31.632,94618,AM1V310 @334858,53373,EF940100,1036.63,
12/07/2021 16:19:32.141,95128,AM1V310 @334858,53435,D6920100,1031.26,
12/07/2021 16:19:32.636,95623,AM1V310 @334858,53498,C2880100,1005.46,
12/07/2021 16:19:33.132,96118,AM1V310 @334858,53560,0F8D0100,1016.47,
12/07/2021 16:19:33.642,96629,AM1V310 @334858,53623,F4940100,1036.68,
12/07/2021 16:19:34.149,97136,AM1V310 @334858,53685,06940100,1034.3,
12/07/2021 16:19:34.632,97619,AM1V310 @334858,53748,DC880100,1005.72,
12/07/2021 16:19:35.157,98143,AM1V310 @334858,53810,C18B0100,1013.13,
12/07/2021 16:19:35.650,98637,AM1V310 @334858,53873,89940100,1035.61,
12/07/2021 16:19:36.132,99119,AM1V310 @334858,53935,C6930100,1033.66,
12/07/2021 16:19:36.641,99628,AM1V310 @334858,53998,2A890100,1006.5,
12/07/2021 16:19:37.137,100124,AM1V310 @334858,54060,FA8A0100,1011.14,
12/07/2021 16:19:37.630,100617,AM1V310 @334858,54123,B4940100,1036.04,
12/07/2021 16:19:38.155,101142,AM1V310 @334858,54185,EA930100,1034.02,
12/07/2021 16:19:38.635,101622,AM1V310 @334858,54248,E8880100,1005.84,
12/07/2021 16:19:39.132,102118,AM1V310 @334858,54310,548C0100,1014.6,
12/07/2021 16:19:39.640,102626,AM1V310 @334858,54373,AD950100,1038.53,
12/07/2021 16:19:40.137,103123,AM1V310 @334858,54435,E7920100,1031.43,
12/07/2021 16:19:40.630,103617,AM1V310 @334858,54498,AB880100,1005.23,
12/07/2021 16:19:41.142,104129,AM1V310 @334858,54560,838F0100,1022.75,
12/07/2021 16:19:41.634,104621,AM1V310 @334858,54623,32950100,1037.3,
12/07/2021 16:19:42.161,105148,AM1V310 @334858,54685,A18F0100,1023.05,
12/07/2021 16:19:42.654,105641,AM1V310 @334858,54748,9D880100,1005.09,
12/07/2021 16:19:43.136,106123,AM1V310 @334858,54810,27900100,1024.39,
12/07/2021 16:19:43.632,106619,AM1V310 @334858,54873,0E950100,1036.94,
12/07/2021 16:19:44.127,107114,AM1V310 @334858,54935,9A900100,1025.54,
12/07/2021 16:19:44.635,107622,AM1V310 @334858,54998,99880100,1005.05,
12/07/2021 16:19:45.129,108116,AM1V310 @334858,55060,1B900100,1024.27,
12/07/2021 16:19:45.627,108614,AM1V310 @334858,55123,F4940100,1036.68,
12/07/2021 16:19:46.136,109123,AM1V310 @334858,55185,EF8C0100,1016.15,
12/07/2021 16:19:46.662,109649,AM1V310 @334858,55248,9D880100,1005.09,
12/07/2021 16:19:47.124,110111,AM1V310 @334858,55310,90920100,1030.56,
12/07/2021 16:19:47.635,110622,AM1V310 @334858,55373,A0940100,1035.84,
12/07/2021 16:19:48.132,111119,AM1V310 @334858,55435,758E0100,1020.05,
12/07/2021 16:19:48.627,111613,AM1V310 @334858,55498,97880100,1005.03,
12/07/2021 16:19:49.150,112137,AM1V310 @334858,55560,1B8F0100,1021.71,
12/07/2021 16:19:49.631,112617,AM1V310 @334858,55623,C6940100,1036.22,
12/07/2021 16:19:50.127,113114,AM1V310 @334858,55685,018E0100,1018.89,
12/07/2021 16:19:50.652,113639,AM1V310 @334858,55748,A8880100,1005.2,
12/07/2021 16:19:51.129,114116,AM1V310 @334858,55810,F48F0100,1023.88,
12/07/2021 16:19:51.626,114613,AM1V310 @334858,55873,86950100,1038.14,
12/07/2021 16:19:52.136,115123,AM1V310 @334858,55935,3B8D0100,1016.91,
12/07/2021 16:19:52.632,115619,AM1V310 @334858,55998,D0880100,1005.6,
12/07/2021 16:19:53.127,116113,AM1V310 @334858,56060,D8910100,1028.72,
12/07/2021 16:19:53.636,116623,AM1V310 @334858,56123,4B950100,1037.55,
12/07/2021 16:19:54.132,117119,AM1V310 @334858,56185,978C0100,1015.27,
12/07/2021 16:19:54.655,117642,AM1V310 @334858,56248,E3880100,1005.79,
12/07/2021 16:19:55.151,118138,AM1V310 @334858,56310,BB930100,1033.55,
12/07/2021 16:19:55.631,118618,AM1V310 @334858,56373,A8940100,1035.92,
12/07/2021 16:19:56.124,119110,AM1V310 @334858,56435,968B0100,1012.7,
12/07/2021 16:19:56.634,119621,AM1V310 @334858,56498,B5880100,1005.33,
12/07/2021 16:19:57.132,120119,AM1V310 @334858,56560,D7920100,1031.27,
12/07/2021 16:19:57.627,120614,AM1V310 @334858,56623,F6940100,1036.7,
12/07/2021 16:19:58.166,121153,AM1V310 @334858,56685,0D8C0100,1013.89,
12/07/2021 16:19:58.646,121633,AM1V310 @334858,56748,B0880100,1005.28,
12/07/2021 16:19:59.124,122111,AM1V310 @334858,56810,528F0100,1022.26,
12/07/2021 16:19:59.636,122623,AM1V310 @334858,56873,CF940100,1036.31,
12/07/2021 16:20:00.130,123117,AM1V310 @334858,56935,758E0100,1020.05,
12/07/2021 16:20:00.627,123614,AM1V310 @334858,56998,C4880100,1005.48,
12/07/2021 16:20:01.134,124121,AM1V310 @334858,57060,388E0100,1019.44,
12/07/2021 16:20:01.632,124618,AM1V310 @334858,57123,7C950100,1038.04,
12/07/2021 16:20:02.154,125141,AM1V310 @334858,57185,E88C0100,1016.08,
12/07/2021 16:20:02.637,125624,AM1V310 @334858,57248,E2880100,1005.78,
12/07/2021 16:20:03.132,126118,AM1V310 @334858,57310,DE910100,1028.78,
12/07/2021 16:20:03.625,126612,AM1V310 @334858,57373,80950100,1038.08,
12/07/2021 16:20:04.136,127123,AM1V310 @334858,57435,1C8C0100,1014.04,
12/07/2021 16:20:04.647,127634,AM1V310 @334858,57498,45890100,1006.77,
12/07/2021 16:20:05.126,128113,AM1V310 @334858,57560,45920100,1029.81,
12/07/2021 16:20:05.636,128623,AM1V310 @334858,57623,33950100,1037.31,
12/07/2021 16:20:06.131,129118,AM1V310 @334858,57685,D78C0100,1015.91,
12/07/2021 16:20:06.654,129641,AM1V310 @334858,57748,DF880100,1005.75,
12/07/2021 16:20:07.138,130124,AM1V310 @334858,57810,D3920100,1031.23,
12/07/2021 16:20:07.631,130618,AM1V310 @334858,57873,C3940100,1036.19,
12/07/2021 16:20:08.124,131111,AM1V310 @334858,57935,BA8A0100,1010.5,
12/07/2021 16:20:08.636,131623,AM1V310 @334858,57998,DC880100,1005.72,
12/07/2021 16:20:09.132,132118,AM1V310 @334858,58060,FF900100,1026.55,
12/07/2021 16:20:09.626,132613,AM1V310 @334858,58123,28950100,1037.2,
12/07/2021 16:20:10.136,133123,AM1V310 @334858,58185,AF8C0100,1015.51,
12/07/2021 16:20:10.661,133648,AM1V310 @334858,58248,0F890100,1006.23,
12/07/2021 16:20:11.139,134126,AM1V310 @334858,58310,58930100,1032.56,
12/07/2021 16:20:11.635,134622,AM1V310 @334858,58373,2A950100,1037.22,
12/07/2021 16:20:12.131,135118,AM1V310 @334858,58435,D08C0100,1015.84,
12/07/2021 16:20:12.625,135612,AM1V310 @334858,58498,E3880100,1005.79,
12/07/2021 16:20:13.134,136121,AM1V310 @334858,58560,84930100,1033.0,
12/07/2021 16:20:13.632,136618,AM1V310 @334858,58623,82950100,1038.1,
12/07/2021 16:20:14.126,137113,AM1V310 @334858,58685,188C0100,1014.0,
12/07/2021 16:20:14.666,137653,AM1V310 @334858,58748,CB880100,1005.55,
12/07/2021 16:20:15.147,138133,AM1V310 @334858,58810,71930100,1032.81,
12/07/2021 16:20:15.627,138613,AM1V310 @334858,58873,3F950100,1037.43,
12/07/2021 16:20:16.135,139122,AM1V310 @334858,58935,FD8C0100,1016.29,
12/07/2021 16:20:16.629,139615,AM1V310 @334858,58998,CD880100,1005.57,
12/07/2021 16:20:17.126,140113,AM1V310 @334858,59060,62920100,1030.1,
12/07/2021 16:20:17.636,140623,AM1V310 @334858,59123,16950100,1037.02,
12/07/2021 16:20:18.131,141118,AM1V310 @334858,59185,9A8D0100,1017.86,
12/07/2021 16:20:18.641,141628,AM1V310 @334858,59248,C2880100,1005.46,
12/07/2021 16:20:19.149,142136,AM1V310 @334858,59310,20900100,1024.32,
12/07/2021 16:20:19.629,142616,AM1V310 @334858,59373,A1950100,1038.41,
12/07/2021 16:20:20.126,143113,AM1V310 @334858,59435,2E900100,1024.46,
12/07/2021 16:20:20.636,143623,AM1V310 @334858,59498,AD880100,1005.25,
12/07/2021 16:20:21.131,144118,AM1V310 @334858,59560,218F0100,1021.77,
12/07/2021 16:20:21.626,144613,AM1V310 @334858,59623,6F950100,1037.91,
12/07/2021 16:20:22.135,145122,AM1V310 @334858,59685,FA910100,1029.06,
12/07/2021 16:20:22.631,145618,AM1V310 @334858,59748,AF880100,1005.27,
12/07/2021 16:20:23.126,146113,AM1V310 @334858,59810,538C0100,1014.59,
12/07/2021 16:20:23.650,146637,AM1V310 @334858,59873,71950100,1037.93,
12/07/2021 16:20:24.131,147118,AM1V310 @334858,59935,6E910100,1027.66,
12/07/2021 16:20:24.624,147611,AM1V310 @334858,59998,B4880100,1005.32,
12/07/2021 16:20:25.136,148123,AM1V310 @334858,60060,948F0100,1022.92,
12/07/2021 16:20:25.631,148618,AM1V310 @334858,60123,25950100,1037.17,
12/07/2021 16:20:26.125,149112,AM1V310 @334858,60185,38900100,1024.56,
12/07/2021 16:20:26.619,149606,AM1V310 @334858,60248,A8880100,1005.2,
12/07/2021 16:20:27.132,150119,AM1V310 @334858,60310,54920100,1029.96,
12/07/2021 16:20:27.657,150644,AM1V310 @334858,60373,53950100,1037.63,
12/07/2021 16:20:28.121,151108,AM1V310 @334858,60435,0C8D0100,1016.44,
12/07/2021 16:20:28.644,151631,AM1V310 @334858,60498,B0880100,1005.28,
12/07/2021 16:20:29.126,152113,AM1V310 @334858,60560,B9920100,1030.97,
12/07/2021 16:20:29.621,152608,AM1V310 @334858,60623,F7940100,1036.71,
12/07/2021 16:20:30.131,153118,AM1V310 @334858,60685,268C0100,1014.14,
12/07/2021 16:20:30.626,153613,AM1V310 @334858,60748,AA880100,1005.22,
12/07/2021 16:20:31.120,154107,AM1V310 @334858,60810,218F0100,1021.77,
12/07/2021 16:20:31.662,154649,AM1V310 @334858,60873,38950100,1037.36,
12/07/2021 16:20:32.155,155142,AM1V310 @334858,60935,FE920100,1031.66,
12/07/2021 16:20:32.619,155606,AM1V310 @334858,60998,BD880100,1005.41,
12/07/2021 16:20:33.131,156118,AM1V310 @334858,61060,5E8E0100,1019.82,
12/07/2021 16:20:33.627,156614,AM1V310 @334858,61123,E2940100,1036.5,
12/07/2021 16:20:34.121,157108,AM1V310 @334858,61185,98910100,1028.08,
12/07/2021 16:20:34.631,157617,AM1V310 @334858,61248,99880100,1005.05,
12/07/2021 16:20:35.141,158128,AM1V310 @334858,61310,6A900100,1025.06,
12/07/2021 16:20:35.621,158608,AM1V310 @334858,61373,83950100,1038.11,
12/07/2021 16:20:36.146,159133,AM1V310 @334858,61435,69900100,1025.05,
12/07/2021 16:20:36.627,159614,AM1V310 @334858,61498,8A880100,1004.9,
12/07/2021 16:20:37.119,160105,AM1V310 @334858,61560,B08F0100,1023.2,
12/07/2021 16:20:37.630,160617,AM1V310 @334858,61623,36950100,1037.34,
12/07/2021 16:20:38.125,161112,AM1V310 @334858,61685,9E900100,1025.58,
12/07/2021 16:20:38.621,161608,AM1V310 @334858,61748,8A880100,1004.9,
12/07/2021 16:20:39.131,162118,AM1V310 @334858,61810,60900100,1024.96,
12/07/2021 16:20:39.626,162613,AM1V310 @334858,61873,1A950100,1037.06,
12/07/2021 16:20:40.150,163137,AM1V310 @334858,61935,908C0100,1015.2,
12/07/2021 16:20:40.631,163618,AM1V310 @334858,61998,86880100,1004.86,
12/07/2021 16:20:41.127,164113,AM1V310 @334858,62060,7D910100,1027.81,
12/07/2021 16:20:41.617,164604,AM1V310 @334858,62123,DD940100,1036.45,
12/07/2021 16:20:42.145,165132,AM1V310 @334858,62185,588C0100,1014.64,
12/07/2021 16:20:42.626,165613,AM1V310 @334858,62248,A3880100,1005.15,
12/07/2021 16:20:43.121,166108,AM1V310 @334858,62310,53920100,1029.95,
12/07/2021 16:20:43.661,166648,AM1V310 @334858,62373,25950100,1037.17,
12/07/2021 16:20:44.140,167127,AM1V310 @334858,62435,C88C0100,1015.76,
12/07/2021 16:20:44.621,167608,AM1V310 @334858,62498,A1880100,1005.13,
12/07/2021 16:20:45.132,168119,AM1V310 @334858,62560,23930100,1032.03,
12/07/2021 16:20:45.626,168613,AM1V310 @334858,62623,A7940100,1035.91,
12/07/2021 16:20:46.121,169108,AM1V310 @334858,62685,258A0100,1009.01,
12/07/2021 16:20:46.631,169618,AM1V310 @334858,62748,B5880100,1005.33,
12/07/2021 16:20:47.125,170112,AM1V310 @334858,62810,7E920100,1030.38,
12/07/2021 16:20:47.621,170608,AM1V310 @334858,62873,C2940100,1036.18,
12/07/2021 16:20:48.145,171132,AM1V310 @334858,62935,868B0100,1012.54,
12/07/2021 16:20:48.625,171612,AM1V310 @334858,62998,45890100,1006.77,
12/07/2021 16:20:49.119,172106,AM1V310 @334858,63060,91940100,1035.69,
12/07/2021 16:20:49.631,172618,AM1V310 @334858,63123,CB940100,1036.27,
12/07/2021 16:20:50.124,173111,AM1V310 @334858,63185,4D8A0100,1009.41,
12/07/2021 16:20:50.635,173622,AM1V310 @334858,63248,D6880100,1005.66,
12/07/2021 16:20:51.131,174118,AM1V310 @334858,63310,38940100,1034.8,
12/07/2021 16:20:51.627,174614,AM1V310 @334858,63373,9F940100,1035.83,
12/07/2021 16:20:52.150,175137,AM1V310 @334858,63435,6D8A0100,1009.73,
12/07/2021 16:20:52.631,175618,AM1V310 @334858,63498,C2880100,1005.46,
12/07/2021 16:20:53.126,176113,AM1V310 @334858,63560,0D930100,1031.81,
12/07/2021 16:20:53.621,176608,AM1V310 @334858,63623,52940100,1035.06,
12/07/2021 16:20:54.132,177118,AM1V310 @334858,63685,E88B0100,1013.52,
12/07/2021 16:20:54.624,177611,AM1V310 @334858,63748,D5880100,1005.65,
12/07/2021 16:20:55.121,178108,AM1V310 @334858,63810,8C8F0100,1022.84,
12/07/2021 16:20:55.630,178616,AM1V310 @334858,63873,44940100,1034.92,
12/07/2021 16:20:56.126,179113,AM1V310 @334858,63935,EB8D0100,1018.67,
12/07/2021 16:20:56.619,179606,AM1V310 @334858,63998,DC880100,1005.72,
12/07/2021 16:20:57.132,180119,AM1V310 @334858,64060,D88F0100,1023.6,
12/07/2021 16:20:57.625,180612,AM1V310 @334858,64123,59940100,1035.13,
12/07/2021 16:20:58.121,181108,AM1V310 @334858,64185,5A8D0100,1017.22,
12/07/2021 16:20:58.631,181618,AM1V310 @334858,64248,EA880100,1005.86,
12/07/2021 16:20:59.127,182113,AM1V310 @334858,64310,3F890100,1006.71,
12/07/2021 16:20:59.664,182651,AM1V310 @334858,64373,9C890100,1007.64,
12/07/2021 16:21:00.161,183148,AM1V310 @334858,64435,DD890100,1008.29,
12/07/2021 16:21:00.625,183611,AM1V310 @334858,64498,1E8A0100,1008.94,
12/07/2021 16:21:01.121,184108,AM1V310 @334858,64560,4E8A0100,1009.42,
