Log start on,2021-07-13 17:02:46
Feature,Pressure
Nodes,AM1V310 @334858, 
Date,HostTimestamp (ms),NodeName,NodeTimestamp,RawData,Pressure (mBar),
13/07/2021 17:02:47.011,95,AM1V310 @334858,158749,2B900100,1024.43,
13/07/2021 17:02:47.507,591,AM1V310 @334858,158812,29900100,1024.41,
13/07/2021 17:02:48.017,1101,AM1V310 @334858,158874,38900100,1024.56,
13/07/2021 17:02:48.514,1598,AM1V310 @334858,158937,3B900100,1024.59,
13/07/2021 17:02:49.009,2093,AM1V310 @334858,158999,43900100,1024.67,
13/07/2021 17:02:49.516,2600,AM1V310 @334858,159062,9B910100,1028.11,
13/07/2021 17:02:50.014,3098,AM1V310 @334858,159124,80A50100,1079.04,
13/07/2021 17:02:50.508,3592,AM1V310 @334858,159187,8CA40100,1076.6,
13/07/2021 17:02:51.034,4118,AM1V310 @334858,159249,68A30100,1073.68,
13/07/2021 17:02:51.514,4598,AM1V310 @334858,159312,97A20100,1071.59,
13/07/2021 17:02:52.008,5092,AM1V310 @334858,159374,E9A10100,1069.85,
13/07/2021 17:02:52.517,5601,AM1V310 @334858,159437,67A10100,1068.55,
13/07/2021 17:02:53.014,6098,AM1V310 @334858,159499,04A10100,1067.56,
13/07/2021 17:02:53.508,6592,AM1V310 @334858,159562,88A00100,1066.32,
13/07/2021 17:02:54.019,7103,AM1V310 @334858,159624,19A00100,1065.21,
13/07/2021 17:02:54.528,7612,AM1V310 @334858,159687,389D0100,1057.84,
13/07/2021 17:02:55.009,8093,AM1V310 @334858,159749,528A0100,1009.46,
13/07/2021 17:02:55.518,8601,AM1V310 @334858,159812,768A0100,1009.82,
13/07/2021 17:02:56.013,9097,AM1V310 @334858,159874,0B9E0100,1059.95,
13/07/2021 17:02:56.507,9591,AM1V310 @334858,159937,64A00100,1065.96,
13/07/2021 17:02:57.019,10103,AM1V310 @334858,159999,909F0100,1063.84,
13/07/2021 17:02:57.511,10595,AM1V310 @334858,160062,E89E0100,1062.16,
13/07/2021 17:02:58.020,11104,AM1V310 @334858,160124,749E0100,1061.0,
13/07/2021 17:02:58.549,11633,AM1V310 @334858,160187,EB9D0100,1059.63,
13/07/2021 17:02:59.013,12097,AM1V310 @334858,160249,8F9D0100,1058.71,
13/07/2021 17:02:59.522,12606,AM1V310 @334858,160312,289D0100,1057.68,
13/07/2021 17:03:00.004,13088,AM1V310 @334858,160374,C49C0100,1056.68,
13/07/2021 17:03:00.513,13597,AM1V310 @334858,160437,519C0100,1055.53,
13/07/2021 17:03:01.007,14091,AM1V310 @334858,160499,638A0100,1009.63,
13/07/2021 17:03:01.504,14588,AM1V310 @334858,160562,2B870100,1001.39,
13/07/2021 17:03:02.014,15098,AM1V310 @334858,160624,2E9C0100,1055.18,
13/07/2021 17:03:02.539,15623,AM1V310 @334858,160687,6D9C0100,1055.81,
13/07/2021 17:03:03.018,16102,AM1V310 @334858,160749,A29B0100,1053.78,
13/07/2021 17:03:03.514,16598,AM1V310 @334858,160812,1A9B0100,1052.42,
13/07/2021 17:03:04.009,17093,AM1V310 @334858,160874,9C9A0100,1051.16,
13/07/2021 17:03:04.501,17585,AM1V310 @334858,160937,3A9A0100,1050.18,
13/07/2021 17:03:05.013,18097,AM1V310 @334858,160999,E5990100,1049.33,
13/07/2021 17:03:05.509,18593,AM1V310 @334858,161062,98990100,1048.56,
13/07/2021 17:03:06.003,19087,AM1V310 @334858,161124,42990100,1047.7,
13/07/2021 17:03:06.544,19628,AM1V310 @334858,161187,FA980100,1046.98,
13/07/2021 17:03:07.023,20107,AM1V310 @334858,161249,A9880100,1005.21,
13/07/2021 17:03:07.504,20588,AM1V310 @334858,161312,0C850100,995.96,
13/07/2021 17:03:08.014,21098,AM1V310 @334858,161374,6C9A0100,1050.68,
13/07/2021 17:03:08.509,21593,AM1V310 @334858,161437,AB9A0100,1051.31,
13/07/2021 17:03:09.005,22089,AM1V310 @334858,161499,D7990100,1049.19,
13/07/2021 17:03:09.514,22598,AM1V310 @334858,161562,4D990100,1047.81,
13/07/2021 17:03:10.009,23093,AM1V310 @334858,161624,E5980100,1046.77,
13/07/2021 17:03:10.504,23588,AM1V310 @334858,161687,92980100,1045.94,
13/07/2021 17:03:11.029,24113,AM1V310 @334858,161749,3B980100,1045.07,
13/07/2021 17:03:11.509,24593,AM1V310 @334858,161812,EF970100,1044.31,
13/07/2021 17:03:12.003,25087,AM1V310 @334858,161874,96970100,1043.42,
13/07/2021 17:03:12.513,25597,AM1V310 @334858,161937,65970100,1042.93,
13/07/2021 17:03:13.009,26093,AM1V310 @334858,161999,DC890100,1008.28,
13/07/2021 17:03:13.503,26587,AM1V310 @334858,162062,63830100,991.71,
13/07/2021 17:03:14.014,27098,AM1V310 @334858,162124,14980100,1044.68,
13/07/2021 17:03:14.538,27622,AM1V310 @334858,162187,8A980100,1045.86,
13/07/2021 17:03:15.019,28103,AM1V310 @334858,162249,F0970100,1044.32,
13/07/2021 17:03:15.514,28598,AM1V310 @334858,162312,86970100,1043.26,
13/07/2021 17:03:16.008,29092,AM1V310 @334858,162374,3D970100,1042.53,
13/07/2021 17:03:16.504,29588,AM1V310 @334858,162437,0E970100,1042.06,
13/07/2021 17:03:17.014,30098,AM1V310 @334858,162499,D9960100,1041.53,
13/07/2021 17:03:17.509,30593,AM1V310 @334858,162562,A0960100,1040.96,
13/07/2021 17:03:18.003,31087,AM1V310 @334858,162624,6F960100,1040.47,
13/07/2021 17:03:18.513,31597,AM1V310 @334858,162687,16960100,1039.58,
13/07/2021 17:03:19.009,32093,AM1V310 @334858,162749,71860100,999.53,
13/07/2021 17:03:19.521,32605,AM1V310 @334858,162812,01820100,988.17,
13/07/2021 17:03:20.002,33086,AM1V310 @334858,162874,E6960100,1041.66,
13/07/2021 17:03:20.509,33593,AM1V310 @334858,162937,9B970100,1043.47,
13/07/2021 17:03:21.003,34087,AM1V310 @334858,162999,FE960100,1041.9,
13/07/2021 17:03:21.513,34597,AM1V310 @334858,163062,A1960100,1040.97,
13/07/2021 17:03:21.997,35080,AM1V310 @334858,163124,54960100,1040.2,
13/07/2021 17:03:22.492,35576,AM1V310 @334858,163187,29960100,1039.77,
13/07/2021 17:03:23.044,36128,AM1V310 @334858,163249,EF950100,1039.19,
13/07/2021 17:03:23.524,36608,AM1V310 @334858,163312,C1950100,1038.73,
13/07/2021 17:03:24.003,37087,AM1V310 @334858,163374,92950100,1038.26,
13/07/2021 17:03:24.514,37598,AM1V310 @334858,163437,59950100,1037.69,
13/07/2021 17:03:25.006,38090,AM1V310 @334858,163499,6D8C0100,1014.85,
13/07/2021 17:03:25.504,38588,AM1V310 @334858,163562,3D800100,983.65,
13/07/2021 17:03:26.014,39098,AM1V310 @334858,163624,CB930100,1033.71,
13/07/2021 17:03:26.509,39593,AM1V310 @334858,163687,0A960100,1039.46,
13/07/2021 17:03:27.003,40087,AM1V310 @334858,163749,7F950100,1038.07,
13/07/2021 17:03:27.513,40597,AM1V310 @334858,163812,23950100,1037.15,
13/07/2021 17:03:28.038,41122,AM1V310 @334858,163874,DC940100,1036.44,
13/07/2021 17:03:28.504,41587,AM1V310 @334858,163937,AB940100,1035.95,
13/07/2021 17:03:29.013,42097,AM1V310 @334858,163999,85940100,1035.57,
13/07/2021 17:03:29.509,42593,AM1V310 @334858,164062,5E940100,1035.18,
13/07/2021 17:03:30.004,43087,AM1V310 @334858,164124,36940100,1034.78,
13/07/2021 17:03:30.514,43598,AM1V310 @334858,164187,09940100,1034.33,
13/07/2021 17:03:31.009,44093,AM1V310 @334858,164249,25880100,1003.89,
13/07/2021 17:03:31.534,44618,AM1V310 @334858,164312,4F7F0100,981.27,
13/07/2021 17:03:32.014,45098,AM1V310 @334858,164374,0D930100,1031.81,
13/07/2021 17:03:32.509,45592,AM1V310 @334858,164437,89950100,1038.17,
13/07/2021 17:03:33.002,46086,AM1V310 @334858,164499,D3940100,1036.35,
13/07/2021 17:03:33.514,46598,AM1V310 @334858,164562,44940100,1034.92,
13/07/2021 17:03:34.009,47093,AM1V310 @334858,164624,12940100,1034.42,
13/07/2021 17:03:34.503,47587,AM1V310 @334858,164687,E4930100,1033.96,
13/07/2021 17:03:35.043,48127,AM1V310 @334858,164749,BE930100,1033.58,
13/07/2021 17:03:35.523,48607,AM1V310 @334858,164812,C1930100,1033.61,
13/07/2021 17:03:36.003,49087,AM1V310 @334858,164874,9E930100,1033.26,
13/07/2021 17:03:36.514,49598,AM1V310 @334858,164937,79930100,1032.89,
13/07/2021 17:03:37.009,50092,AM1V310 @334858,164999,05870100,1001.01,
13/07/2021 17:03:37.504,50588,AM1V310 @334858,165062,D57E0100,980.05,
13/07/2021 17:03:38.014,51098,AM1V310 @334858,165124,FA910100,1029.06,
13/07/2021 17:03:38.508,51592,AM1V310 @334858,165187,B8940100,1036.08,
13/07/2021 17:03:39.003,52087,AM1V310 @334858,165249,07940100,1034.31,
13/07/2021 17:03:39.544,52628,AM1V310 @334858,165312,C1930100,1033.61,
13/07/2021 17:03:40.023,53107,AM1V310 @334858,165374,8F930100,1033.11,
13/07/2021 17:03:40.503,53587,AM1V310 @334858,165437,64930100,1032.68,
13/07/2021 17:03:41.014,54098,AM1V310 @334858,165499,5C930100,1032.6,
13/07/2021 17:03:41.509,54593,AM1V310 @334858,165562,3F930100,1032.31,
13/07/2021 17:03:42.003,55087,AM1V310 @334858,165624,1C930100,1031.96,
13/07/2021 17:03:42.513,55597,AM1V310 @334858,165687,11930100,1031.85,
13/07/2021 17:03:43.009,56093,AM1V310 @334858,165749,A9890100,1007.77,
13/07/2021 17:03:43.517,56601,AM1V310 @334858,165812,B37E0100,979.71,
13/07/2021 17:03:44.044,57127,AM1V310 @334858,165874,44900100,1024.68,
13/07/2021 17:03:44.508,57592,AM1V310 @334858,165937,56940100,1035.1,
13/07/2021 17:03:45.004,58087,AM1V310 @334858,165999,C6930100,1033.66,
13/07/2021 17:03:45.498,58582,AM1V310 @334858,166062,66930100,1032.7,
13/07/2021 17:03:46.008,59092,AM1V310 @334858,166124,32930100,1032.18,
13/07/2021 17:03:46.502,59586,AM1V310 @334858,166187,10930100,1031.84,
13/07/2021 17:03:46.987,60071,AM1V310 @334858,166249,EE920100,1031.5,
13/07/2021 17:03:47.527,60611,AM1V310 @334858,166312,D3920100,1031.23,
13/07/2021 17:03:48.018,61102,AM1V310 @334858,166374,BE920100,1031.02,
13/07/2021 17:03:48.499,61583,AM1V310 @334858,166437,A8920100,1030.8,
13/07/2021 17:03:49.009,62093,AM1V310 @334858,166499,038C0100,1013.79,
13/07/2021 17:03:49.504,62588,AM1V310 @334858,166562,F87E0100,980.4,
13/07/2021 17:03:49.998,63082,AM1V310 @334858,166624,27860100,998.79,
13/07/2021 17:03:50.508,63592,AM1V310 @334858,166687,FD930100,1034.21,
13/07/2021 17:03:51.003,64087,AM1V310 @334858,166749,65930100,1032.69,
13/07/2021 17:03:51.499,64583,AM1V310 @334858,166812,D9920100,1031.29,
13/07/2021 17:03:52.024,65107,AM1V310 @334858,166874,AB920100,1030.83,
13/07/2021 17:03:52.502,65586,AM1V310 @334858,166937,99920100,1030.65,
13/07/2021 17:03:52.998,66082,AM1V310 @334858,166999,7A920100,1030.34,
13/07/2021 17:03:53.507,66591,AM1V310 @334858,167062,62920100,1030.1,
13/07/2021 17:03:54.004,67087,AM1V310 @334858,167124,52920100,1029.94,
13/07/2021 17:03:54.498,67582,AM1V310 @334858,167187,3F920100,1029.75,
13/07/2021 17:03:55.009,68093,AM1V310 @334858,167249,908A0100,1010.08,
13/07/2021 17:03:55.503,68587,AM1V310 @334858,167312,857E0100,979.25,
13/07/2021 17:03:56.028,69112,AM1V310 @334858,167374,0E880100,1003.66,
13/07/2021 17:03:56.508,69592,AM1V310 @334858,167437,7B930100,1032.91,
13/07/2021 17:03:57.018,70102,AM1V310 @334858,167499,EE920100,1031.5,
13/07/2021 17:03:57.498,70582,AM1V310 @334858,167562,9F920100,1030.71,
13/07/2021 17:03:58.009,71093,AM1V310 @334858,167624,79920100,1030.33,
13/07/2021 17:03:58.503,71587,AM1V310 @334858,167687,5E920100,1030.06,
13/07/2021 17:03:58.998,72081,AM1V310 @334858,167749,45920100,1029.81,
13/07/2021 17:03:59.539,72623,AM1V310 @334858,167812,39920100,1029.69,
13/07/2021 17:04:00.017,73101,AM1V310 @334858,167874,1D920100,1029.41,
13/07/2021 17:04:00.499,73583,AM1V310 @334858,167937,13920100,1029.31,
13/07/2021 17:04:01.023,74107,AM1V310 @334858,167999,968B0100,1012.7,
13/07/2021 17:04:01.503,74587,AM1V310 @334858,168062,C67E0100,979.9,
13/07/2021 17:04:01.999,75083,AM1V310 @334858,168124,91890100,1007.53,
13/07/2021 17:04:02.508,75592,AM1V310 @334858,168187,25930100,1032.05,
13/07/2021 17:04:03.003,76087,AM1V310 @334858,168249,47920100,1029.83,
13/07/2021 17:04:03.497,76581,AM1V310 @334858,168312,1B920100,1029.39,
13/07/2021 17:04:04.024,77108,AM1V310 @334858,168374,F4910100,1029.0,
13/07/2021 17:04:04.503,77587,AM1V310 @334858,168437,E2910100,1028.82,
13/07/2021 17:04:04.998,78082,AM1V310 @334858,168499,EA910100,1028.9,
13/07/2021 17:04:05.509,78593,AM1V310 @334858,168562,D6910100,1028.7,
13/07/2021 17:04:06.003,79087,AM1V310 @334858,168624,DF910100,1028.79,
13/07/2021 17:04:06.499,79583,AM1V310 @334858,168687,D3910100,1028.67,
13/07/2021 17:04:07.009,80093,AM1V310 @334858,168749,CC8F0100,1023.48,
13/07/2021 17:04:07.504,80587,AM1V310 @334858,168812,B4800100,984.84,
13/07/2021 17:04:07.999,81082,AM1V310 @334858,168874,B6800100,984.86,
13/07/2021 17:04:08.523,81607,AM1V310 @334858,168937,85930100,1033.01,
13/07/2021 17:04:09.004,82088,AM1V310 @334858,168999,3F930100,1032.31,
13/07/2021 17:04:09.498,82582,AM1V310 @334858,169062,D5920100,1031.25,
13/07/2021 17:04:10.008,83092,AM1V310 @334858,169124,98920100,1030.64,
13/07/2021 17:04:10.503,83587,AM1V310 @334858,169187,83920100,1030.43,
13/07/2021 17:04:10.999,84082,AM1V310 @334858,169249,88920100,1030.48,
13/07/2021 17:04:11.509,84593,AM1V310 @334858,169312,78920100,1030.32,
13/07/2021 17:04:12.003,85087,AM1V310 @334858,169374,61920100,1030.09,
13/07/2021 17:04:12.529,85613,AM1V310 @334858,169437,50920100,1029.92,
13/07/2021 17:04:13.009,86093,AM1V310 @334858,169499,23910100,1026.91,
13/07/2021 17:04:13.503,86587,AM1V310 @334858,169562,E1810100,987.85,
13/07/2021 17:04:13.999,87083,AM1V310 @334858,169624,CC7E0100,979.96,
13/07/2021 17:04:14.509,87593,AM1V310 @334858,169687,F1920100,1031.53,
13/07/2021 17:04:15.002,88086,AM1V310 @334858,169749,29930100,1032.09,
13/07/2021 17:04:15.499,88582,AM1V310 @334858,169812,A9920100,1030.81,
13/07/2021 17:04:15.996,89080,AM1V310 @334858,169874,66920100,1030.14,
13/07/2021 17:04:16.522,89606,AM1V310 @334858,169937,3F920100,1029.75,
13/07/2021 17:04:16.987,90071,AM1V310 @334858,169999,1D920100,1029.41,
13/07/2021 17:04:17.523,90607,AM1V310 @334858,170062,06920100,1029.18,
13/07/2021 17:04:18.004,91088,AM1V310 @334858,170124,F9910100,1029.05,
13/07/2021 17:04:18.529,91613,AM1V310 @334858,170187,EF910100,1028.95,
13/07/2021 17:04:19.009,92093,AM1V310 @334858,170249,79910100,1027.77,
13/07/2021 17:04:19.534,92617,AM1V310 @334858,170312,78830100,991.92,
13/07/2021 17:04:20.001,93085,AM1V310 @334858,170374,957E0100,979.41,
13/07/2021 17:04:20.527,93611,AM1V310 @334858,170437,8B920100,1030.51,
13/07/2021 17:04:20.992,94076,AM1V310 @334858,170499,F4920100,1031.56,
13/07/2021 17:04:21.499,94583,AM1V310 @334858,170562,7A920100,1030.34,
13/07/2021 17:04:22.009,95093,AM1V310 @334858,170624,76920100,1030.3,
13/07/2021 17:04:22.503,95587,AM1V310 @334858,170687,71920100,1030.25,
13/07/2021 17:04:22.998,96082,AM1V310 @334858,170749,5C920100,1030.04,
13/07/2021 17:04:23.508,96592,AM1V310 @334858,170812,4D920100,1029.89,
13/07/2021 17:04:24.003,97087,AM1V310 @334858,170874,35920100,1029.65,
13/07/2021 17:04:24.529,97613,AM1V310 @334858,170937,24920100,1029.48,
13/07/2021 17:04:25.008,98092,AM1V310 @334858,170999,42910100,1027.22,
13/07/2021 17:04:25.502,98586,AM1V310 @334858,171062,27830100,991.11,
13/07/2021 17:04:25.999,99083,AM1V310 @334858,171124,B17E0100,979.69,
13/07/2021 17:04:26.508,99592,AM1V310 @334858,171187,1C930100,1031.96,
13/07/2021 17:04:27.003,100087,AM1V310 @334858,171249,84930100,1033.0,
13/07/2021 17:04:27.497,100581,AM1V310 @334858,171312,25930100,1032.05,
13/07/2021 17:04:28.007,101091,AM1V310 @334858,171374,F0920100,1031.52,
13/07/2021 17:04:28.504,101587,AM1V310 @334858,171437,C0920100,1031.04,
13/07/2021 17:04:29.014,102098,AM1V310 @334858,171499,94920100,1030.6,
13/07/2021 17:04:29.494,102578,AM1V310 @334858,171562,81920100,1030.41,
13/07/2021 17:04:30.003,103087,AM1V310 @334858,171624,6D920100,1030.21,
13/07/2021 17:04:30.498,103582,AM1V310 @334858,171687,56920100,1029.98,
13/07/2021 17:04:30.993,104077,AM1V310 @334858,171749,30920100,1029.6,
13/07/2021 17:04:31.504,104587,AM1V310 @334858,171812,BB850100,997.71,
13/07/2021 17:04:31.999,105083,AM1V310 @334858,171874,437E0100,978.59,
13/07/2021 17:04:32.492,105576,AM1V310 @334858,171937,67910100,1027.59,
13/07/2021 17:04:33.004,106088,AM1V310 @334858,171999,63930100,1032.67,
13/07/2021 17:04:33.529,106613,AM1V310 @334858,172062,E7920100,1031.43,
13/07/2021 17:04:33.993,107077,AM1V310 @334858,172124,A3920100,1030.75,
13/07/2021 17:04:34.504,107587,AM1V310 @334858,172187,55920100,1029.97,
13/07/2021 17:04:34.998,108082,AM1V310 @334858,172249,2B920100,1029.55,
13/07/2021 17:04:35.523,108607,AM1V310 @334858,172312,2A920100,1029.54,
13/07/2021 17:04:36.003,109087,AM1V310 @334858,172374,0D920100,1029.25,
13/07/2021 17:04:36.497,109581,AM1V310 @334858,172437,06920100,1029.18,
13/07/2021 17:04:37.021,110105,AM1V310 @334858,172499,E4910100,1028.84,
13/07/2021 17:04:37.503,110587,AM1V310 @334858,172562,CE840100,995.34,
13/07/2021 17:04:37.998,111082,AM1V310 @334858,172624,537E0100,978.75,
13/07/2021 17:04:38.494,111578,AM1V310 @334858,172687,3B920100,1029.71,
13/07/2021 17:04:39.002,112086,AM1V310 @334858,172749,6B930100,1032.75,
13/07/2021 17:04:39.499,112583,AM1V310 @334858,172812,F0920100,1031.52,
13/07/2021 17:04:39.992,113076,AM1V310 @334858,172874,91920100,1030.57,
13/07/2021 17:04:40.504,113588,AM1V310 @334858,172937,6C920100,1030.2,
13/07/2021 17:04:41.029,114113,AM1V310 @334858,172999,44920100,1029.8,
13/07/2021 17:04:41.523,114607,AM1V310 @334858,173062,2D920100,1029.57,
13/07/2021 17:04:42.001,115085,AM1V310 @334858,173124,10920100,1029.28,
13/07/2021 17:04:42.497,115581,AM1V310 @334858,173187,FB910100,1029.07,
13/07/2021 17:04:42.993,116077,AM1V310 @334858,173249,ED910100,1028.93,
13/07/2021 17:04:43.504,116588,AM1V310 @334858,173312,13890100,1006.27,
13/07/2021 17:04:43.999,117083,AM1V310 @334858,173374,B17E0100,979.69,
13/07/2021 17:04:44.493,117577,AM1V310 @334858,173437,8B8E0100,1020.27,
13/07/2021 17:04:45.003,118087,AM1V310 @334858,173499,71930100,1032.81,
13/07/2021 17:04:45.511,118595,AM1V310 @334858,173562,FF920100,1031.67,
13/07/2021 17:04:46.009,119092,AM1V310 @334858,173624,CD920100,1031.17,
13/07/2021 17:04:46.503,119587,AM1V310 @334858,173687,97920100,1030.63,
13/07/2021 17:04:46.998,120082,AM1V310 @334858,173749,6B920100,1030.19,
13/07/2021 17:04:47.492,120576,AM1V310 @334858,173812,51920100,1029.93,
13/07/2021 17:04:48.004,121087,AM1V310 @334858,173874,2C920100,1029.56,
13/07/2021 17:04:48.497,121581,AM1V310 @334858,173937,1E920100,1029.42,
13/07/2021 17:04:48.993,122077,AM1V310 @334858,173999,FF910100,1029.11,
13/07/2021 17:04:49.518,122602,AM1V310 @334858,174062,70860100,999.52,
13/07/2021 17:04:49.999,123083,AM1V310 @334858,174124,497E0100,978.65,
13/07/2021 17:04:50.494,123577,AM1V310 @334858,174187,D88E0100,1021.04,
13/07/2021 17:04:51.003,124087,AM1V310 @334858,174249,39930100,1032.25,
13/07/2021 17:04:51.499,124583,AM1V310 @334858,174312,B6920100,1030.94,
13/07/2021 17:04:51.993,125077,AM1V310 @334858,174374,62920100,1030.1,
13/07/2021 17:04:52.504,125587,AM1V310 @334858,174437,40920100,1029.76,
13/07/2021 17:04:53.028,126112,AM1V310 @334858,174499,1B920100,1029.39,
13/07/2021 17:04:53.509,126593,AM1V310 @334858,174562,06920100,1029.18,
13/07/2021 17:04:54.004,127087,AM1V310 @334858,174624,F5910100,1029.01,
13/07/2021 17:04:54.498,127582,AM1V310 @334858,174687,F5910100,1029.01,
13/07/2021 17:04:54.994,128078,AM1V310 @334858,174749,E6910100,1028.86,
13/07/2021 17:04:55.503,128587,AM1V310 @334858,174812,9D890100,1007.65,
13/07/2021 17:04:55.998,129082,AM1V310 @334858,174874,9B7E0100,979.47,
13/07/2021 17:04:56.493,129577,AM1V310 @334858,174937,5D8C0100,1014.69,
13/07/2021 17:04:57.003,130087,AM1V310 @334858,174999,65930100,1032.69,
13/07/2021 17:04:57.514,130597,AM1V310 @334858,175062,DC920100,1031.32,
13/07/2021 17:04:57.993,131077,AM1V310 @334858,175124,95920100,1030.61,
13/07/2021 17:04:58.503,131587,AM1V310 @334858,175187,56920100,1029.98,
13/07/2021 17:04:58.999,132083,AM1V310 @334858,175249,2C920100,1029.56,
13/07/2021 17:04:59.493,132577,AM1V310 @334858,175312,11920100,1029.29,
13/07/2021 17:05:00.008,133092,AM1V310 @334858,175374,FB910100,1029.07,
13/07/2021 17:05:00.500,133584,AM1V310 @334858,175437,EB910100,1028.91,
13/07/2021 17:05:01.024,134108,AM1V310 @334858,175499,D5910100,1028.69,
13/07/2021 17:05:01.504,134588,AM1V310 @334858,175562,D28B0100,1013.3,
13/07/2021 17:05:01.999,135083,AM1V310 @334858,175624,F97E0100,980.41,
13/07/2021 17:05:02.494,135578,AM1V310 @334858,175687,168D0100,1016.54,
13/07/2021 17:05:03.003,136087,AM1V310 @334858,175749,35930100,1032.21,
13/07/2021 17:05:03.498,136582,AM1V310 @334858,175812,AD920100,1030.85,
13/07/2021 17:05:03.994,137078,AM1V310 @334858,175874,66920100,1030.14,
13/07/2021 17:05:04.503,137587,AM1V310 @334858,175937,3A920100,1029.7,
13/07/2021 17:05:04.998,138082,AM1V310 @334858,175999,30920100,1029.6,
13/07/2021 17:05:05.493,138577,AM1V310 @334858,176062,1A920100,1029.38,
13/07/2021 17:05:06.019,139103,AM1V310 @334858,176124,FA910100,1029.06,
13/07/2021 17:05:06.499,139583,AM1V310 @334858,176187,E6910100,1028.86,
13/07/2021 17:05:06.993,140077,AM1V310 @334858,176249,D8910100,1028.72,
13/07/2021 17:05:07.518,140602,AM1V310 @334858,176312,0D8B0100,1011.33,
13/07/2021 17:05:07.998,141082,AM1V310 @334858,176374,DE7E0100,980.14,
13/07/2021 17:05:08.494,141578,AM1V310 @334858,176437,8F8D0100,1017.75,
13/07/2021 17:05:09.002,142086,AM1V310 @334858,176499,18930100,1031.92,
13/07/2021 17:05:09.514,142597,AM1V310 @334858,176562,A3920100,1030.75,
13/07/2021 17:05:09.994,143078,AM1V310 @334858,176624,54920100,1029.96,
13/07/2021 17:05:10.504,143588,AM1V310 @334858,176687,26920100,1029.5,
13/07/2021 17:05:10.998,144082,AM1V310 @334858,176749,06920100,1029.18,
13/07/2021 17:05:11.493,144577,AM1V310 @334858,176812,E5910100,1028.85,
13/07/2021 17:05:12.003,145087,AM1V310 @334858,176874,D7910100,1028.71,
13/07/2021 17:05:12.486,145570,AM1V310 @334858,176937,CB910100,1028.59,
13/07/2021 17:05:13.012,146096,AM1V310 @334858,176999,BD910100,1028.45,
13/07/2021 17:05:13.503,146587,AM1V310 @334858,177062,7A8F0100,1022.66,
13/07/2021 17:05:13.999,147083,AM1V310 @334858,177124,1E810100,985.9,
13/07/2021 17:05:14.492,147576,AM1V310 @334858,177187,B0890100,1007.84,
13/07/2021 17:05:14.988,148072,AM1V310 @334858,177249,0D930100,1031.81,
13/07/2021 17:05:15.499,148583,AM1V310 @334858,177312,A4920100,1030.76,
13/07/2021 17:05:15.991,149075,AM1V310 @334858,177374,59920100,1030.01,
13/07/2021 17:05:16.489,149572,AM1V310 @334858,177437,2C920100,1029.56,
13/07/2021 17:05:17.014,150098,AM1V310 @334858,177499,0F920100,1029.27,
13/07/2021 17:05:17.494,150578,AM1V310 @334858,177562,FD910100,1029.09,
13/07/2021 17:05:17.989,151073,AM1V310 @334858,177624,E1910100,1028.81,
13/07/2021 17:05:18.498,151582,AM1V310 @334858,177687,C9910100,1028.57,
13/07/2021 17:05:18.994,152077,AM1V310 @334858,177749,BD910100,1028.45,
13/07/2021 17:05:19.488,152572,AM1V310 @334858,177812,B88D0100,1018.16,
13/07/2021 17:05:19.998,153082,AM1V310 @334858,177874,05810100,985.65,
13/07/2021 17:05:20.492,153576,AM1V310 @334858,177937,6D8A0100,1009.73,
13/07/2021 17:05:20.989,154073,AM1V310 @334858,177999,15930100,1031.89,
13/07/2021 17:05:21.513,154597,AM1V310 @334858,178062,9F920100,1030.71,
13/07/2021 17:05:21.993,155077,AM1V310 @334858,178124,4C920100,1029.88,
13/07/2021 17:05:22.488,155572,AM1V310 @334858,178187,2B920100,1029.55,
13/07/2021 17:05:22.998,156082,AM1V310 @334858,178249,07920100,1029.19,
13/07/2021 17:05:23.494,156578,AM1V310 @334858,178312,ED910100,1028.93,
13/07/2021 17:05:23.989,157073,AM1V310 @334858,178374,D6910100,1028.7,
13/07/2021 17:05:24.498,157582,AM1V310 @334858,178437,BF910100,1028.47,
13/07/2021 17:05:24.993,158077,AM1V310 @334858,178499,BC910100,1028.44,
13/07/2021 17:05:25.504,158588,AM1V310 @334858,178562,0A900100,1024.1,
13/07/2021 17:05:26.027,159111,AM1V310 @334858,178624,58820100,989.04,
13/07/2021 17:05:26.493,159577,AM1V310 @334858,178687,6A830100,991.78,
13/07/2021 17:05:26.989,160073,AM1V310 @334858,178749,0F930100,1031.83,
13/07/2021 17:05:27.498,160582,AM1V310 @334858,178812,95920100,1030.61,
13/07/2021 17:05:27.993,161077,AM1V310 @334858,178874,3B920100,1029.71,
13/07/2021 17:05:28.488,161572,AM1V310 @334858,178937,16920100,1029.34,
13/07/2021 17:05:29.014,162098,AM1V310 @334858,178999,FA910100,1029.06,
13/07/2021 17:05:29.508,162592,AM1V310 @334858,179062,EF910100,1028.95,
13/07/2021 17:05:29.988,163072,AM1V310 @334858,179124,D4910100,1028.68,
13/07/2021 17:05:30.498,163582,AM1V310 @334858,179187,BF910100,1028.47,
13/07/2021 17:05:30.992,164076,AM1V310 @334858,179249,B6910100,1028.38,
13/07/2021 17:05:31.488,164572,AM1V310 @334858,179312,96910100,1028.06,
13/07/2021 17:05:31.999,165083,AM1V310 @334858,179374,8F840100,994.71,
13/07/2021 17:05:32.492,165576,AM1V310 @334858,179437,EE7E0100,980.3,
13/07/2021 17:05:32.989,166073,AM1V310 @334858,179499,72920100,1030.26,
13/07/2021 17:05:33.514,166598,AM1V310 @334858,179562,66920100,1030.14,
13/07/2021 17:05:33.993,167077,AM1V310 @334858,179624,13920100,1029.31,
13/07/2021 17:05:34.487,167571,AM1V310 @334858,179687,F7910100,1029.03,
13/07/2021 17:05:34.998,168082,AM1V310 @334858,179749,E4910100,1028.84,
13/07/2021 17:05:35.493,168577,AM1V310 @334858,179812,D8910100,1028.72,
13/07/2021 17:05:35.989,169072,AM1V310 @334858,179874,C4910100,1028.52,
13/07/2021 17:05:36.499,169582,AM1V310 @334858,179937,B4910100,1028.36,
13/07/2021 17:05:36.992,170076,AM1V310 @334858,179999,A7910100,1028.23,
13/07/2021 17:05:37.504,170587,AM1V310 @334858,180062,CB8F0100,1023.47,
13/07/2021 17:05:38.028,171112,AM1V310 @334858,180124,67810100,986.63,
13/07/2021 17:05:38.494,171578,AM1V310 @334858,180187,247F0100,980.84,
13/07/2021 17:05:38.987,172071,AM1V310 @334858,180249,D5920100,1031.25,
13/07/2021 17:05:39.513,172597,AM1V310 @334858,180312,B5920100,1030.93,
13/07/2021 17:05:39.992,173076,AM1V310 @334858,180374,5C920100,1030.04,
13/07/2021 17:05:40.488,173572,AM1V310 @334858,180437,26920100,1029.5,
13/07/2021 17:05:40.997,174081,AM1V310 @334858,180499,0A920100,1029.22,
13/07/2021 17:05:41.493,174577,AM1V310 @334858,180562,ED910100,1028.93,
13/07/2021 17:05:41.987,175071,AM1V310 @334858,180624,D0910100,1028.64,
13/07/2021 17:05:42.513,175597,AM1V310 @334858,180687,D9910100,1028.73,
13/07/2021 17:05:42.993,176077,AM1V310 @334858,180749,C5910100,1028.53,
13/07/2021 17:05:43.489,176572,AM1V310 @334858,180812,81910100,1027.85,
13/07/2021 17:05:43.998,177082,AM1V310 @334858,180874,2F830100,991.19,
13/07/2021 17:05:44.493,177577,AM1V310 @334858,180937,EB7E0100,980.27,
13/07/2021 17:05:44.988,178072,AM1V310 @334858,180999,E4920100,1031.4,
13/07/2021 17:05:45.499,178582,AM1V310 @334858,181062,CE920100,1031.18,
13/07/2021 17:05:46.023,179107,AM1V310 @334858,181124,83920100,1030.43,
13/07/2021 17:05:46.488,179572,AM1V310 @334858,181187,56920100,1029.98,
13/07/2021 17:05:46.999,180083,AM1V310 @334858,181249,38920100,1029.68,
13/07/2021 17:05:47.492,180576,AM1V310 @334858,181312,1F920100,1029.43,
13/07/2021 17:05:47.988,181072,AM1V310 @334858,181374,0E920100,1029.26,
13/07/2021 17:05:48.498,181582,AM1V310 @334858,181437,03920100,1029.15,
13/07/2021 17:05:48.993,182077,AM1V310 @334858,181499,F6910100,1029.02,
13/07/2021 17:05:49.503,182587,AM1V310 @334858,181562,AB910100,1028.27,
13/07/2021 17:05:50.028,183112,AM1V310 @334858,181624,C6820100,990.14,
13/07/2021 17:05:50.492,183576,AM1V310 @334858,181687,457E0100,978.61,
13/07/2021 17:05:50.986,184070,AM1V310 @334858,181749,257F0100,980.85,
13/07/2021 17:05:51.497,184581,AM1V310 @334858,181812,F27F0100,982.9,
13/07/2021 17:05:51.991,185075,AM1V310 @334858,181874,8E800100,984.46,
